timestamp,entry_time,exit_time,side,entry_price,exit_price,quantity,position_size,gross_pnl,fees,slippage,funding,net_pnl,return_pct,holding_time_bars,holding_minutes,exit_reason,strategy,regime,signal_probability,expected_return,expected_value,equity_after
2025-08-24 23:35:00,2025-08-24 23:40:00,2025-08-25 01:35:00,LONG,113486.552772,112813.362814,0.2644013697401093,30000.0,-166.0255521009102,24.0,12.0,0.75,-202.7755521009102,-0.02027755521009102,24,120,max_hold,VOL_EXPANSION,HIGH_VOLATILITY,0.4755625627060341,-0.0007179208153524143,-0.0007179208153524143,9797.22444789909
2025-08-25 01:40:00,2025-08-25 01:45:00,2025-08-25 03:40:00,LONG,112736.03269800001,113325.70032599999,0.26076446877562987,29391.67334369727,165.55414593626867,23.51333867495782,11.75666933747891,0.7347918335924318,129.5493460902395,0.013223066061125095,24,120,max_hold,VOL_EXPANSION,HIGH_VOLATILITY,0.4755625627060341,-0.0007179208153524143,-0.0007179208153524143,9926.77379398933
2025-08-25 19:35:00,2025-08-25 19:40:00,2025-08-25 20:30:00,SHORT,111163.342884,109882.70137627106,0.2678433784486081,29780.32138196799,354.85250606321307,23.824257105574393,11.912128552787197,0.3412328491683833,318.7748875556831,0.032112637415864315,11,55,take_profit,ORNSTEIN_UHLENBECK,NO_TRADE,0.39391979301423025,-0.0004640027989382437,-0.0004640027989382437,10245.548681545013
2025-08-25 20:35:00,2025-08-25 20:40:00,2025-08-25 22:35:00,LONG,109544.25447,110478.99978000001,0.280642682015452,30736.64604463504,274.67902502262456,24.589316835708033,12.294658417854016,0.768416151115876,237.02663361794666,0.023134596397447735,24,120,max_hold,ORNSTEIN_UHLENBECK,NO_TRADE,0.48284734133790735,-0.0005706037793934026,-0.0005706037793934026,10482.57531516296
2025-08-25 22:40:00,2025-08-25 22:45:00,2025-08-26 00:40:00,SHORT,110551.525272,109240.123656,0.2844052700579349,31447.725945488877,385.47152682572334,25.158180756391104,12.579090378195552,0.786193148637222,346.9480625424995,0.033097597881375763,24,120,max_hold,ORNSTEIN_UHLENBECK,NO_TRADE,0.39391979301423025,-0.0004640027989382437,-0.0004640027989382437,10829.52337770546
2025-08-26 00:45:00,2025-08-26 00:50:00,2025-08-26 02:45:00,LONG,109501.896,109669.291754,0.2967534721694956,32488.57013311638,62.683235926360595,25.990856106493105,12.995428053246552,0.8122142533279095,22.88473751329303,0.002113180489586958,24,120,max_hold,MOMENTUM,HIGH_VOLATILITY,0.5089982481286829,-0.0006490732993168091,-0.0006490732993168091,10852.408115218754
2025-08-26 02:50:00,2025-08-26 02:55:00,2025-08-26 04:50:00,SHORT,109575.12059199999,110087.253048,0.29706298952650784,32557.22434565626,-139.08489169631355,26.04577947652501,13.022889738262505,0.8139306086414065,-178.96749151974248,-0.016491039557272952,24,120,max_hold,ORNSTEIN_UHLENBECK,HIGH_VOLATILITY,0.40112596762843067,-0.00028929859093905605,-0.00028929859093905605,10673.44062369901
2025-08-26 04:55:00,2025-08-26 05:00:00,2025-08-26 06:55:00,SHORT,110077.98999799999,110010.177636,0.2908294183724146,32020.321871097032,32.52345385658882,25.616257496877626,12.808128748438813,0.8005080467774258,-6.7014404355050425,-0.0006278613121831915,24,120,max_hold,ORNSTEIN_UHLENBECK,NO_TRADE,0.3866584311303274,-0.000526924037242394,-0.000526924037242394,10666.739183263506
2025-08-26 07:00:00,2025-08-26 07:05:00,2025-08-26 09:00:00,SHORT,109933.75885,110204.396472,0.2910281413185806,32000.21754979052,-65.94988710420118,25.600174039832417,12.800087019916209,0.800005438744763,-105.15015360269457,-0.009857759882952694,24,120,max_hold,ORNSTEIN_UHLENBECK,NO_TRADE,0.3866584311303274,-0.000526924037242394,-0.000526924037242394,10561.58902966081
2025-08-26 10:10:00,2025-08-26 10:15:00,2025-08-26 12:10:00,SHORT,110343.686848,109647.90519599999,0.28708874100973375,31684.76708898243,212.38250882418106,25.347813671185946,12.673906835592973,0.7921191772245608,173.56866914017758,0.016433954081410778,24,120,max_hold,ORNSTEIN_UHLENBECK,NO_TRADE,0.43406985032074125,-0.0006153701161473847,-0.0006153701161473847,10735.157698800987
2025-08-26 12:15:00,2025-08-26 12:20:00,2025-08-26 12:35:00,SHORT,109651.645284,110283.16761692782,0.2936484164773591,32205.473096402962,-172.52883802817576,25.76437847712237,12.882189238561185,0.13418947123501235,-211.3095952150943,-0.01968388366001326,4,20,stop_loss,ORNSTEIN_UHLENBECK,NO_TRADE,0.3866584311303274,-0.000526924037242394,-0.000526924037242394,10523.848103585893
2025-08-26 12:40:00,2025-08-26 12:45:00,2025-08-26 13:45:00,SHORT,110497.905998,109645.04283083539,0.28566360345748865,31571.54431075768,256.20934144441947,25.257235448606146,12.628617724303073,0.42753132920817694,217.8959569423021,0.020704969778883097,13,65,take_profit,ORNSTEIN_UHLENBECK,NO_TRADE,0.43406985032074125,-0.0006153701161473847,-0.0006153701161473847,10741.744060528195
2025-08-26 18:35:00,2025-08-26 18:40:00,2025-08-26 20:35:00,LONG,110658.117198,111199.785594,0.2912725974756007,32225.232181584586,170.697393024596,25.78018574526767,12.890092872633835,0.8056308045396147,131.2214836021549,0.012216031480804287,24,120,max_hold,ORNSTEIN_UHLENBECK,NO_TRADE,0.40409434801958166,-0.0007234345070650343,-0.0007234345070650343,10872.965544130351
2025-08-29 10:30:00,2025-08-29 10:35:00,2025-08-29 12:30:00,LONG,109989.25345199999,110738.59870743188,0.2966237099332206,32618.896632391054,235.36820198041684,26.095117305912844,13.047558652956422,0.8154724158097764,195.4100536057378,0.017972102717756493,24,120,take_profit,ORNSTEIN_UHLENBECK,NO_TRADE,0.48284734133790735,-0.0005706037793934026,-0.0005706037793934026,11068.375597736089
2025-08-29 12:35:00,2025-08-29 12:40:00,2025-08-29 13:35:00,SHORT,110667.232126,109837.73956699096,0.29998478438542264,33205.12679320827,262.06478422407463,26.564101434566616,13.282050717283308,0.4150640849151034,221.80356798730958,0.020039396569870378,12,60,take_profit,ORNSTEIN_UHLENBECK,NO_TRADE,0.3866584311303274,-0.000526924037242394,-0.000526924037242394,11290.179165723399
2025-08-29 19:15:00,2025-08-29 19:20:00,2025-08-29 21:00:00,SHORT,108598.13602800001,107486.573064921,0.311826377765265,33870.5374971702,360.09084926396565,27.09642999773616,13.54821499886808,0.740918007750598,318.7052862596108,0.0282285410693206,21,105,take_profit,ORNSTEIN_UHLENBECK,NO_TRADE,0.39391979301423025,-0.0004640027989382437,-0.0004640027989382437,11608.884451983009
2025-08-30 01:55:00,2025-08-30 02:00:00,2025-08-30 03:10:00,SHORT,107426.480406,108067.12065943012,0.3241257452881523,34826.65335594903,-193.6786025417372,27.861322684759223,13.930661342379612,0.5441664586867035,-236.01475302756273,-0.020330528226357454,15,75,stop_loss,MEAN_REVERSION,TRENDING,0.4124223602484472,-0.0002565041544720882,-0.0002565041544720882,11372.869698955446
2025-08-30 03:15:00,2025-08-30 03:20:00,2025-08-30 04:25:00,SHORT,108061.20343600001,108685.26455769359,0.31567097432197216,34118.60909686634,-183.31387590754463,27.294887277493075,13.647443638746537,0.4975630493293008,-224.75376987311353,-0.019762274238819096,14,70,stop_loss,MEAN_REVERSION,TRENDING,0.45963975983989325,-0.00046225649985731204,-0.00046225649985731204,11148.115929082333
2025-08-31 03:45:00,2025-08-31 03:50:00,2025-08-31 04:20:00,SHORT,109330.1296,108965.19755081512,0.30584120809173126,33444.347787246996,124.96400510796809,26.755478229797596,13.377739114898798,0.243865035948676,84.58692272732301,0.007587553203197257,7,35,take_profit,ORNSTEIN_UHLENBECK,MEAN_REVERTING,0.44855842185128986,-0.0007159063437208694,-0.0007159063437208694,11232.702851809656
2025-08-31 13:20:00,2025-08-31 13:25:00,2025-08-31 15:00:00,SHORT,108259.773714,108649.88775098845,0.31120856600646085,33698.10855542897,-107.90600540691759,26.958486844343174,13.479243422171587,0.7020439282381035,-149.04577960167046,-0.013268915021433002,20,100,stop_loss,ORNSTEIN_UHLENBECK,LOW_VOLATILITY,0.45892351274787535,-0.00038491967729582756,-0.00038491967729582756,11083.657072207985
2025-09-01 01:25:00,2025-09-01 01:30:00,2025-09-01 02:30:00,SHORT,108219.98167400001,107573.61320517826,0.30719207773038854,33250.971216623955,211.8172979438225,26.600776973299165,13.300388486649583,0.4502735685584494,171.4658589153153,0.015470151936156702,13,65,take_profit,ORNSTEIN_UHLENBECK,NO_TRADE,0.39391979301423025,-0.0004640027989382437,-0.0004640027989382437,11255.1229311233
2025-09-01 02:50:00,2025-09-01 02:55:00,2025-09-01 04:50:00,LONG,107623.790454,107437.528196,0.3137979226030259,33765.3687933699,-44.9515524128828,27.012295034695917,13.506147517347959,0.8441342198342474,-86.31412918476092,-0.007668874850409694,24,120,max_hold,ORNSTEIN_UHLENBECK,NO_TRADE,0.48284734133790735,-0.0005706037793934026,-0.0005706037793934026,11168.80880193854
2025-09-01 04:55:00,2025-09-01 05:00:00,2025-09-01 06:55:00,LONG,107430.571818,108043.13705,0.31195149689673024,33506.42640581562,204.53411845531053,26.805141124652497,13.402570562326249,0.8376606601453905,163.4887461081864,0.014637975186737023,24,120,max_hold,ORNSTEIN_UHLENBECK,NO_TRADE,0.48284734133790735,-0.0005706037793934026,-0.0005706037793934026,11332.297548046727
2025-09-01 07:10:00,2025-09-01 07:15:00,2025-09-01 07:30:00,SHORT,107979.3998,108716.20146169825,0.31478312834270217,33996.89264414018,-218.2903169164375,27.197514115312146,13.598757057656073,0.14165371935058407,-259.2282418087563,-0.022875170785948678,4,20,stop_loss,ORNSTEIN_UHLENBECK,NO_TRADE,0.3866584311303274,-0.000526924037242394,-0.000526924037242394,11073.06930623797
2025-09-01 07:45:00,2025-09-01 07:50:00,2025-09-01 09:45:00,LONG,108994.04445,109673.57089799999,0.3048409840001827,33219.20791871391,220.47929008797394,26.57536633497113,13.287683167485564,0.8304801979678478,179.78576038754937,0.01623630769530791,24,120,max_hold,ORNSTEIN_UHLENBECK,NO_TRADE,0.40409434801958166,-0.0007234345070650343,-0.0007234345070650343,11252.85506662552
2025-09-01 09:50:00,2025-09-01 09:55:00,2025-09-01 10:25:00,LONG,109621.909998,108829.51160947753,0.30801613394195165,33758.56519987656,-230.6141849315592,27.00685215990125,13.503426079950625,0.24615620458243326,-271.37061937599344,-0.02411571265863388,7,35,stop_loss,ORNSTEIN_UHLENBECK,NO_TRADE,0.42024720423778694,-0.00013360762953308042,-0.00013360762953308042,10981.484447249526
2025-09-01 21:25:00,2025-09-01 21:30:00,2025-09-01 23:10:00,SHORT,108091.117452,108763.25848877893,0.30472313754834607,32944.45334174858,-191.60082410075128,26.355562673398865,13.177781336699432,0.7206599168507501,-231.85482802770034,-0.02111325013857956,21,105,stop_loss,MEAN_REVERSION,TRENDING,0.45963975983989325,-0.00046225649985731204,-0.00046225649985731204,10749.629619221825
2025-09-02 01:45:00,2025-09-02 01:50:00,2025-09-02 03:15:00,LONG,109617.16905,110571.34622939609,0.2942544394731111,32248.888857665475,293.729172458788,25.79911108613238,12.89955554306619,0.6046666660812278,254.42583916350824,0.023668335391626855,18,90,take_profit,MEAN_REVERSION,TRENDING,0.42565597667638483,-0.0005421302006394861,-0.0005421302006394861,11004.055458385334
2025-09-02 06:20:00,2025-09-02 06:25:00,2025-09-02 08:20:00,LONG,110472.29003999999,110164.9626,0.2988873390465205,33012.166375156,-78.66714763704317,26.4097331001248,13.2048665500624,0.8253041593789,-119.10705144660928,-0.010823923225127612,24,120,max_hold,MEAN_REVERSION,TRENDING,0.4500970873786408,-0.00044867865494584185,-0.00044867865494584185,10884.948406938724
2025-09-02 09:25:00,2025-09-02 09:30:00,2025-09-02 11:25:00,LONG,110344.34445599999,109864.56269199999,0.2959950176955749,32654.84522081617,-128.9768690106711,26.123876176652935,13.061938088326468,0.8163711305204042,-168.9790544061709,-0.015524102465975258,24,120,max_hold,MEAN_REVERSION,TRENDING,0.42565597667638483,-0.0005421302006394861,-0.0005421302006394861,10715.969352532553
2025-09-02 14:40:00,2025-09-02 14:45:00,2025-09-02 16:25:00,LONG,111552.295998,110599.20453270168,0.2882445166326802,32147.90805759766,-261.9166088203725,25.718326446078127,12.859163223039063,0.7032354887599488,-301.1973339782497,-0.028107334396870624,21,105,stop_loss,MEAN_REVERSION,TRENDING,0.4500970873786408,-0.00044867865494584185,-0.00044867865494584185,10414.772018554304
2025-09-03 00:00:00,2025-09-03 00:05:00,2025-09-03 02:00:00,LONG,111332.262,111205.544442,0.28069639794863815,31244.316055662912,-23.076050875360444,24.99545284453033,12.497726422265165,0.7811079013915728,-61.35033804354751,-0.005890703890037112,24,120,max_hold,MEAN_REVERSION,TRENDING,0.42565597667638483,-0.0005421302006394861,-0.0005421302006394861,10353.421680510757
2025-09-03 02:15:00,2025-09-03 02:20:00,2025-09-03 04:15:00,SHORT,111243.73680200001,110942.173998,0.2791532708380366,31060.26504153227,96.58703170996142,24.848212033225817,12.424106016612908,0.7765066260383068,58.53820703408439,0.005653996218880613,24,120,max_hold,VOL_EXPANSION,TRENDING,0.4449968924798011,-0.0006392571087568396,-0.0006392571087568396,10411.959887544841
2025-09-03 04:20:00,2025-09-03 04:25:00,2025-09-03 06:20:00,SHORT,111059.773602,110833.36223999999,0.2811966157847417,31235.87966263452,76.14523158835246,24.98870373010762,12.49435186505381,0.7808969915658631,37.881279001625174,0.0036382467288353765,24,120,max_hold,VOL_EXPANSION,TRENDING,0.4449968924798011,-0.0006392571087568396,-0.0006392571087568396,10449.841166546466
2025-09-03 07:20:00,2025-09-03 07:25:00,2025-09-03 08:05:00,SHORT,110674.52066800001,111260.73042913484,0.283202072218253,31349.5234996394,-153.44532064396887,25.079618799711522,12.539809399855761,0.2939017828091194,-191.35865062634525,-0.01831211092843689,9,45,stop_loss,VOL_EXPANSION,TRENDING,0.4449968924798011,-0.0006392571087568396,-0.0006392571087568396,10258.482515920121
2025-09-03 08:10:00,2025-09-03 08:15:00,2025-09-03 10:10:00,SHORT,111203.744802,111361.437834,0.2766929523195106,30775.447547760363,-31.316108343517175,24.62035803820829,12.310179019104146,0.7693861886940091,-69.01603158952362,-0.0067277037790353265,24,120,max_hold,MOMENTUM,TRENDING,0.4597568037058483,-0.0006756929812810691,-0.0006756929812810691,10189.466484330598
2025-09-03 10:25:00,2025-09-03 10:30:00,2025-09-03 12:25:00,SHORT,111462.423056,111536.242788,0.2741936244984227,30568.399452991795,-8.011937707846554,24.454719562393436,12.227359781196718,0.7642099863247949,-45.4582270377615,-0.004461296095106387,24,120,max_hold,MOMENTUM,TRENDING,0.4597568037058483,-0.0006756929812810691,-0.0006756929812810691,10144.008257292837
2025-09-03 12:35:00,2025-09-03 12:40:00,2025-09-03 12:45:00,LONG,111710.18757000001,111211.76216257259,0.27247390626535034,30432.02477187851,-123.65983980285395,24.345619817502808,12.172809908751404,0.06340005160808024,-160.24166958071623,-0.015796681697840063,2,10,stop_loss,MEAN_REVERSION,TRENDING,0.42565597667638483,-0.0005421302006394861,-0.0005421302006394861,9983.76658771212
2025-09-05 11:10:00,2025-09-05 11:15:00,2025-09-05 12:30:00,LONG,112205.29657199999,112743.25658481198,0.26698641631294084,29951.29976313636,155.6396637783476,23.96103981050909,11.980519905254544,0.49918832938560603,119.19891573319838,0.01193927308756464,16,80,take_profit,MEAN_REVERSION,TRENDING,0.42565597667638483,-0.0005421302006394861,-0.0005421302006394861,10102.965503445319
2025-09-05 15:15:00,2025-09-05 15:20:00,2025-09-05 17:15:00,SHORT,110742.926984,110733.302232,0.2736322359929317,30308.89651033596,14.754250164739243,24.24711720826877,12.123558604134384,0.757722412758399,-22.374148060422307,-0.0022146119426808162,24,120,max_hold,VOL_EXPANSION,TRENDING,0.4449968924798011,-0.0006392571087568396,-0.0006392571087568396,10080.591355384897
2025-09-05 17:35:00,2025-09-05 17:40:00,2025-09-05 19:20:00,SHORT,110401.305322,111377.59980619143,0.27387108896181045,30241.774066154692,-255.23107769091476,24.193419252923754,12.096709626461877,0.6615388076971339,-292.1827453779975,-0.02898468304857115,21,105,stop_loss,MEAN_REVERSION,TRENDING,0.45963975983989325,-0.00046225649985731204,-0.00046225649985731204,9788.4086100069
2025-09-05 19:55:00,2025-09-05 20:00:00,2025-09-05 21:55:00,SHORT,111592.21709199999,110627.131002,0.26309498592227054,29365.2258300207,265.60228113811104,23.492180664016562,11.746090332008281,0.7341306457505176,229.62987949633566,0.023459367977505568,24,120,max_hold,VOL_EXPANSION,TRENDING,0.4449968924798011,-0.0006392571087568396,-0.0006392571087568396,10018.038489503235
2025-09-05 22:00:00,2025-09-05 22:05:00,2025-09-06 00:00:00,SHORT,110477.929994,110642.113998,0.27198287157487383,30054.115468509706,-32.62706527412068,24.043292374807766,12.021646187403883,0.7513528867127427,-69.44335672304507,-0.006931831694977702,24,120,max_hold,MEAN_REVERSION,TRENDING,0.4124223602484472,-0.0002565041544720882,-0.0002565041544720882,9948.59513278019
2025-09-06 00:05:00,2025-09-06 00:10:00,2025-09-06 02:05:00,SHORT,110633.148944,110880.391644,0.26971858368024165,29845.785398340573,-54.73668937206781,23.87662831867246,11.93831415933623,0.7461446349585144,-91.29777648503502,-0.009176951646591065,24,120,max_hold,MEAN_REVERSION,TRENDING,0.45963975983989325,-0.00046225649985731204,-0.00046225649985731204,9857.297356295156
2025-09-06 02:10:00,2025-09-06 02:15:00,2025-09-06 04:10:00,SHORT,110777.3401,110909.917548,0.26689553715391734,29571.892068885467,-23.55086219846192,23.657513655108374,11.828756827554187,0.7392973017221367,-59.77642998284662,-0.006064180456590534,24,120,max_hold,MEAN_REVERSION,TRENDING,0.45963975983989325,-0.00046225649985731204,-0.00046225649985731204,9797.520926312309
2025-09-06 04:15:00,2025-09-06 04:20:00,2025-09-06 06:15:00,SHORT,110825.82040200001,110738.14319999999,0.26516099009947697,29392.562778936925,34.99859908322987,23.514050223149543,11.757025111574771,0.7348140694734232,-1.0072903209678672,-0.00010281073432185068,24,120,max_hold,MEAN_REVERSION,TRENDING,0.45963975983989325,-0.00046225649985731204,-0.00046225649985731204,9796.513635991341
2025-09-06 06:20:00,2025-09-06 06:25:00,2025-09-06 08:20:00,SHORT,110693.866798,110813.918352,0.26544978371216615,29389.540907974024,-20.107821116198725,23.51163272637922,11.75581636318961,0.7347385226993506,-56.1100087284669,-0.005727548678371124,24,120,max_hold,MEAN_REVERSION,TRENDING,0.45963975983989325,-0.00046225649985731204,-0.00046225649985731204,9740.403627262875
2025-09-06 08:50:00,2025-09-06 08:55:00,2025-09-06 10:50:00,SHORT,110930.569448,110766.438858,0.26336623696236694,29221.210881788626,54.90395941954448,23.3769687054309,11.68848435271545,0.7305302720447157,19.107976089353407,0.001961723232481988,24,120,max_hold,MOMENTUM,TRENDING,0.4597568037058483,-0.0006756929812810691,-0.0006756929812810691,9759.511603352228
2025-09-06 12:00:00,2025-09-06 12:05:00,2025-09-06 14:00:00,SHORT,110810.563454,110991.54387000001,0.2641686693998847,29278.534810056684,-36.09072361341397,23.422827848045348,11.711413924022674,0.7319633702514171,-71.95692875573341,-0.007373005092900081,24,120,max_hold,MOMENTUM,TRENDING,0.4597568037058483,-0.0006756929812810691,-0.0006756929812810691,9687.554674596495
2025-09-06 18:45:00,2025-09-06 18:50:00,2025-09-06 20:45:00,SHORT,110237.948,110150.155626,0.2635830221638807,29062.664023789483,34.75869313275066,23.250131219031587,11.625065609515794,0.7265666005947371,-0.8430702963914602,-8.702612007984107e-05,24,120,max_hold,ORNSTEIN_UHLENBECK,LOW_VOLATILITY,0.45892351274787535,-0.00038491967729582756,-0.00038491967729582756,9686.711604300104
2025-09-06 20:55:00,2025-09-06 21:00:00,2025-09-06 22:55:00,SHORT,110144.976598,110192.58411,0.26378254990219224,29060.134812900313,-0.9337902266552283,23.248107850320253,11.624053925160126,0.7265033703225079,-36.53245537245812,-0.003771399094429601,24,120,max_hold,ORNSTEIN_UHLENBECK,LOW_VOLATILITY,0.45892351274787535,-0.00038491967729582756,-0.00038491967729582756,9650.179148927646
2025-09-09 14:35:00,2025-09-09 14:40:00,2025-09-09 15:35:00,SHORT,111814.112704,110955.96670653681,0.25886488422009474,28950.53744678294,233.677343787198,23.160429957426352,11.580214978713176,0.36188171808478675,198.5748171329737,0.020577319246455634,12,60,take_profit,ORNSTEIN_UHLENBECK,NO_TRADE,0.3866584311303274,-0.000526924037242394,-0.000526924037242394,9848.75396606062
2025-09-09 18:15:00,2025-09-09 18:20:00,2025-09-09 20:15:00,SHORT,111175.730406,111240.733698,0.2657086446648429,29546.26189818186,-5.4523413885249505,23.63700951854549,11.818504759272745,0.7386565474545466,-41.64651221379773,-0.0042286072286214105,24,120,max_hold,ORNSTEIN_UHLENBECK,NO_TRADE,0.39391979301423025,-0.0004640027989382437,-0.0004640027989382437,9807.107453846822
2025-09-09 20:45:00,2025-09-09 20:50:00,2025-09-09 22:45:00,SHORT,111428.95975000001,111496.50484200001,0.2639837809045701,29421.322361540464,-6.061067609572788,23.537057889232372,11.768528944616186,0.7355330590385116,-42.102187502459856,-0.004293028061596831,24,120,max_hold,ORNSTEIN_UHLENBECK,NO_TRADE,0.3866584311303274,-0.000526924037242394,-0.000526924037242394,9765.005266344362
2025-09-10 01:35:00,2025-09-10 01:40:00,2025-09-10 02:20:00,SHORT,110951.475266,111437.59947242025,0.26398167960952434,29295.015799033084,-116.58656087787816,23.43601263922647,11.718006319613234,0.2746407731159352,-152.01522060983382,-0.01556734650556337,9,45,stop_loss,ORNSTEIN_UHLENBECK,LOW_VOLATILITY,0.45892351274787535,-0.00038491967729582756,-0.00038491967729582756,9612.990045734528
2025-09-10 08:30:00,2025-09-10 08:35:00,2025-09-10 10:30:00,LONG,112587.633024,112335.13847800001,0.25619810237135254,28838.970137203585,-53.16366822307806,23.07117610976287,11.535588054881435,0.7209742534300897,-88.49140664115245,-0.009205398759402421,24,120,max_hold,ORNSTEIN_UHLENBECK,NO_TRADE,0.40409434801958166,-0.0007234345070650343,-0.0007234345070650343,9524.498639093375
2025-09-10 18:45:00,2025-09-10 18:50:00,2025-09-10 20:45:00,LONG,113435.78262,113607.72391,0.2519417590849745,28573.495917280125,54.75954133711934,22.8587967338241,11.42939836691205,0.7143373979320031,19.757008838451185,0.0020743358351019542,24,120,max_hold,ORNSTEIN_UHLENBECK,NO_TRADE,0.40409434801958166,-0.0007234345070650343,-0.0007234345070650343,9544.255647931826
2025-09-10 20:50:00,2025-09-10 20:55:00,2025-09-10 22:50:00,LONG,113639.29331400001,113777.249998,0.2520122456063889,28632.76694379548,46.22912633403534,22.906213555036384,11.453106777518192,0.715819173594887,11.153986827885879,0.0011686596880190305,24,120,max_hold,ORNSTEIN_UHLENBECK,NO_TRADE,0.40409434801958166,-0.0007234345070650343,-0.0007234345070650343,9555.409634759711
2025-09-11 12:25:00,2025-09-11 12:30:00,2025-09-11 12:30:00,SHORT,114357.733878,113857.67520317865,0.2506214025635913,28666.228904279134,136.76454510050957,22.93298312342331,11.466491561711655,0.0298606551086241,102.33520976026598,0.010709662240748027,1,5,take_profit,ORNSTEIN_UHLENBECK,MEAN_REVERTING,0.44855842185128986,-0.0007159063437208694,-0.0007159063437208694,9657.744844519977
2025-09-11 14:00:00,2025-09-11 14:05:00,2025-09-11 16:00:00,SHORT,114350.035418,114366.808788,0.2533225265804632,28973.23453355993,7.33875359503633,23.178587626847946,11.589293813423973,0.7243308633389983,-28.15345870857459,-0.002915117262033434,24,120,max_hold,ORNSTEIN_UHLENBECK,MEAN_REVERTING,0.44855842185128986,-0.0007159063437208694,-0.0007159063437208694,9629.591385811402
2025-09-11 16:35:00,2025-09-11 16:40:00,2025-09-11 18:35:00,SHORT,114502.085002,114222.73998,0.25224865033766175,28888.774157434207,82.00351373827186,23.111019325947368,11.555509662973684,0.7222193539358552,46.614765395414956,0.004840783323796987,24,120,max_hold,ORNSTEIN_UHLENBECK,MEAN_REVERTING,0.44855842185128986,-0.0007159063437208694,-0.0007159063437208694,9676.206151206818
2025-09-11 22:15:00,2025-09-11 22:20:00,2025-09-11 22:20:00,SHORT,114613.112792,115121.61150798736,0.2532241906962283,29028.618453620453,-117.12930258400675,23.222894762896363,11.611447381448182,0.030238144222521305,-151.99388287257383,-0.015708003787581266,1,5,stop_loss,ORNSTEIN_UHLENBECK,MEAN_REVERTING,0.44855842185128986,-0.0007159063437208694,-0.0007159063437208694,9524.212268334244
2025-09-11 22:25:00,2025-09-11 22:30:00,2025-09-12 00:00:00,SHORT,115010.64327,115571.18996355466,0.24838503172769646,28572.63680500273,-127.77679818179163,22.858109444002185,11.429054722001093,0.5655001034323457,-162.62946245122728,-0.017075371471080274,19,95,stop_loss,ORNSTEIN_UHLENBECK,MEAN_REVERTING,0.44855842185128986,-0.0007159063437208694,-0.0007159063437208694,9361.582805883017
2025-09-12 00:30:00,2025-09-12 00:35:00,2025-09-12 02:30:00,SHORT,115876.79000600001,115581.41166,0.24231885838839348,28084.748417649054,82.79308434556309,22.467798734119246,11.233899367059623,0.7021187104412264,48.389267533943,0.005168919459168182,24,120,max_hold,ORNSTEIN_UHLENBECK,MEAN_REVERTING,0.44855842185128986,-0.0007159063437208694,-0.0007159063437208694,9409.97207341696
2025-09-12 02:35:00,2025-09-12 02:40:00,2025-09-12 04:35:00,SHORT,115611.783018,115398.315048,0.24412970287477095,28229.91622025088,63.393159945491846,22.583932976200707,11.291966488100353,0.7057479055062721,28.811512575684514,0.0030618063848538548,24,120,max_hold,ORNSTEIN_UHLENBECK,MEAN_REVERTING,0.44855842185128986,-0.0007159063437208694,-0.0007159063437208694,9438.783585992645
2025-09-12 17:20:00,2025-09-12 17:25:00,2025-09-12 18:45:00,SHORT,115896.955972,116508.824650508,0.2442746425080054,28316.350757977936,-138.10984043310955,22.65308060638235,11.326540303191175,0.5014353780058594,-172.59089672068893,-0.018285290169891964,17,85,stop_loss,ORNSTEIN_UHLENBECK,MEAN_REVERTING,0.44855842185128986,-0.0007159063437208694,-0.0007159063437208694,9266.192689271957
2025-09-12 18:50:00,2025-09-12 18:55:00,2025-09-12 20:50:00,LONG,116473.26999599999,116283.39866800001,0.23871689860157871,27798.57806781587,-34.21290590757643,22.238862454252697,11.119431227126348,0.6949644516953968,-68.26616404065086,-0.007367229058347429,24,120,max_hold,ORNSTEIN_UHLENBECK,NO_TRADE,0.42024720423778694,-0.00013360762953308042,-0.00013360762953308042,9197.926525231305
2025-09-12 21:00:00,2025-09-12 21:05:00,2025-09-12 23:00:00,LONG,115981.581678,115956.29410200001,0.237962769021663,27593.779575693916,5.021014426356353,22.075023660555132,11.037511830277566,0.6898444893923479,-28.781365553868696,-0.003129114531945548,24,120,max_hold,ORNSTEIN_UHLENBECK,NO_TRADE,0.40409434801958166,-0.0007234345070650343,-0.0007234345070650343,9169.145159677437
2025-09-14 16:20:00,2025-09-14 16:25:00,2025-09-14 18:20:00,SHORT,115406.17414799999,115495.94457,0.23830556896087104,27507.435479032312,-10.387739751006746,22.00594838322585,11.002974191612925,0.6876858869758078,-44.08434821282133,-0.004807901657690866,24,120,max_hold,ORNSTEIN_UHLENBECK,LOW_VOLATILITY,0.45892351274787535,-0.00038491967729582756,-0.00038491967729582756,9125.060811464615
2025-09-14 18:25:00,2025-09-14 18:30:00,2025-09-14 20:25:00,SHORT,115442.61685800001,115711.507674,0.2370849530513764,27375.182434393842,-52.789335646417584,21.900145947515075,10.950072973757537,0.6843795608598461,-86.32393412855005,-0.00946009412015027,24,120,max_hold,ORNSTEIN_UHLENBECK,LOW_VOLATILITY,0.45892351274787535,-0.00038491967729582756,-0.00038491967729582756,9038.736877336065
2025-09-15 06:00:00,2025-09-15 06:05:00,2025-09-15 06:55:00,LONG,116572.05975,116026.57472086622,0.23265981515896306,27116.210632008195,-116.08917963336776,21.692968505606558,10.846484252803279,0.3107065801584273,-148.93933897193605,-0.01647789298363026,11,55,stop_loss,MEAN_REVERSION,TRENDING,0.4500970873786408,-0.00044867865494584185,-0.00044867865494584185,8889.79753836413
2025-09-15 09:55:00,2025-09-15 10:00:00,2025-09-15 11:55:00,SHORT,114845.62628000001,115093.014,0.23217304481026482,26669.392615092387,-46.75965122478778,21.33551409207391,10.667757046036956,0.6667348153773097,-79.42965717827596,-0.008934923077324923,24,120,max_hold,MEAN_REVERSION,TRENDING,0.42857142857142855,0.00022454150646600952,0.00022454150646600952,8810.367881185854
2025-09-15 12:00:00,2025-09-15 12:05:00,2025-09-15 14:00:00,SHORT,114968.99160200001,114549.845388,0.229851693527154,26431.10364355756,106.8925300748023,21.144882914846047,10.572441457423023,0.660777591088939,74.51442811144427,0.00845758419129881,24,120,max_hold,MEAN_REVERSION,TRENDING,0.4124223602484472,-0.0002565041544720882,-0.0002565041544720882,8884.882309297298
2025-09-17 14:45:00,2025-09-17 14:50:00,2025-09-17 16:45:00,SHORT,115531.889,115581.65170799999,0.23066632277177013,26654.646927891896,-0.8165587826105145,21.323717542313517,10.661858771156759,0.6663661731972974,-33.468501269278086,-0.0037669042880012103,24,120,max_hold,MEAN_REVERSION,TRENDING,0.42857142857142855,0.00022454150646600952,0.00022454150646600952,8851.413808028019
2025-09-18 03:05:00,2025-09-18 03:10:00,2025-09-18 05:05:00,SHORT,117313.18267,117488.653032,0.22630816052856512,26554.24142408406,-29.08286170952517,21.243393139267248,10.621696569633624,0.6638560356021015,-61.611807454028146,-0.006960674169153375,24,120,max_hold,ORNSTEIN_UHLENBECK,MEAN_REVERTING,0.44855842185128986,-0.0007159063437208694,-0.0007159063437208694,8789.80200057399
2025-09-28 23:05:00,2025-09-28 23:10:00,2025-09-29 01:05:00,LONG,112337.72305199999,112235.968316,0.23478026050709383,26369.406001721974,-13.344910007221088,21.095524801377582,10.547762400688791,0.6592351500430494,-45.64743235933051,-0.005193226463616546,24,120,max_hold,MEAN_REVERSION,TRENDING,0.4500970873786408,-0.00044867865494584185,-0.00044867865494584185,8744.15456821466
2025-09-29 01:10:00,2025-09-29 01:15:00,2025-09-29 02:40:00,LONG,112263.97830599999,111645.52850491431,0.2337144166214055,26232.463704643982,-134.07446388128415,20.985970963715186,10.492985481857593,0.4918586944620747,-166.045279021319,-0.018989289098902712,18,90,stop_loss,MEAN_REVERSION,TRENDING,0.4500970873786408,-0.00044867865494584185,-0.00044867865494584185,8578.109289193342
2025-09-29 02:45:00,2025-09-29 02:50:00,2025-09-29 04:45:00,LONG,111731.60185199999,111808.993728,0.23036879724724724,25734.327867580025,28.128030143888292,20.58746229406402,10.29373114703201,0.6433581966895007,-3.396521493897241,-0.00039595222902745724,24,120,max_hold,MEAN_REVERSION,TRENDING,0.42565597667638483,-0.0005421302006394861,-0.0005421302006394861,8574.712767699444
2025-09-29 04:50:00,2025-09-29 04:55:00,2025-09-29 06:50:00,LONG,111864.61845,111677.66,0.2300037624698925,25724.138303098334,-32.718035211342595,20.579310642478667,10.289655321239334,0.6431034575774583,-64.23010463263805,-0.00749064212093377,24,120,max_hold,MEAN_REVERSION,TRENDING,0.42565597667638483,-0.0005421302006394861,-0.0005421302006394861,8510.482663066807
2025-09-29 09:35:00,2025-09-29 09:40:00,2025-09-29 11:35:00,LONG,112231.81187399999,112002.595,0.22753401065526366,25531.44798920042,-41.95044554451083,20.425158391360338,10.212579195680169,0.6382861997300106,-73.22646933128134,-0.008604267493436584,24,120,max_hold,MEAN_REVERSION,TRENDING,0.42565597667638483,-0.0005421302006394861,-0.0005421302006394861,8437.256193735526
2025-09-30 10:40:00,2025-09-30 10:45:00,2025-09-30 12:40:00,SHORT,112875.19044600001,113259.107292,0.22420078431315849,25311.768581206576,-75.93456363902176,20.24941486496526,10.12470743248263,0.6327942145301644,-106.94148015099982,-0.012674912044320934,24,120,max_hold,MEAN_REVERSION,TRENDING,0.45963975983989325,-0.00046225649985731204,-0.00046225649985731204,8330.314713584527
2025-09-30 12:45:00,2025-09-30 12:50:00,2025-09-30 13:45:00,SHORT,113157.16404,113592.6108670675,0.22080745981839142,24990.944140753578,-86.13630285388003,19.992755312602863,9.996377656301432,0.31238680175941974,-116.43782262454374,-0.013977601882755358,12,60,stop_loss,MEAN_REVERSION,TRENDING,0.45963975983989325,-0.00046225649985731204,-0.00046225649985731204,8213.876890959982
2025-10-04 15:10:00,2025-10-04 15:15:00,2025-10-04 17:10:00,SHORT,121878.31946,121804.185966,0.20214179565243384,24641.630672879946,24.837162431812356,19.71330453830396,9.85665226915198,0.6160407668219987,-5.348835142465581,-0.0006511949489226451,24,120,max_hold,MEAN_REVERSION,TRENDING,0.45963975983989325,-0.00046225649985731204,-0.00046225649985731204,8208.528055817516
2025-10-06 14:25:00,2025-10-06 14:30:00,2025-10-06 16:25:00,SHORT,124826.059794,124904.555916,0.19723973576711823,24625.58416745255,-5.6311944561533105,19.70046733396204,9.85023366698102,0.6156396041863138,-35.79753506128269,-0.004361017568297448,24,120,max_hold,ORNSTEIN_UHLENBECK,MEAN_REVERTING,0.44855842185128986,-0.0007159063437208694,-0.0007159063437208694,8172.730520756234
2025-10-06 16:30:00,2025-10-06 16:35:00,2025-10-06 17:20:00,SHORT,124978.609278,125803.38562887989,0.19613986797876237,24518.1915622687,-151.93386117644295,19.61455324981496,9.80727662490748,0.2553978287736323,-181.61108887993902,-0.02222159270010218,10,50,stop_loss,ORNSTEIN_UHLENBECK,MEAN_REVERTING,0.44855842185128986,-0.0007159063437208694,-0.0007159063437208694,7991.119431876295
2025-10-09 14:35:00,2025-10-09 14:40:00,2025-10-09 16:35:00,SHORT,121485.288082,121225.460244,0.19729601832768,23973.358295628885,60.840173171706645,19.17868663650311,9.589343318251554,0.5993339573907221,31.472809259561263,0.0039384731423256335,24,120,max_hold,MEAN_REVERSION,TRENDING,0.4124223602484472,-0.0002565041544720882,-0.0002565041544720882,8022.592241135856
2025-10-09 16:40:00,2025-10-09 16:45:00,2025-10-09 18:40:00,SHORT,120791.80680600001,120619.749126,0.19921022629216625,24067.77672340757,43.89398126121651,19.254221378726058,9.627110689363029,0.6016944180851893,14.410954775042233,0.0017962965512755386,24,120,max_hold,MEAN_REVERSION,TRENDING,0.42857142857142855,0.00022454150646600952,0.00022454150646600952,8037.003195910898
2025-10-09 21:00:00,2025-10-09 21:05:00,2025-10-09 23:00:00,SHORT,121169.53124600001,121623.48983399999,0.19894594901811122,24111.009587732697,-80.65268773194349,19.28880767018616,9.64440383509308,0.6027752396933175,-110.18867447691603,-0.013710169299544177,24,120,max_hold,MEAN_REVERSION,TRENDING,0.45963975983989325,-0.00046225649985731204,-0.00046225649985731204,7926.814521433982
2025-10-10 00:50:00,2025-10-10 00:55:00,2025-10-10 02:50:00,SHORT,121760.66299600001,120944.67740115896,0.1952657524242468,23780.443564301946,168.8124560784887,19.024354851441558,9.512177425720779,0.5945110891075487,139.68141271221882,0.01762138023218816,24,120,take_profit,VOL_EXPANSION,TRENDING,0.4449968924798011,-0.0006392571087568396,-0.0006392571087568396,8066.495934146201
2025-10-10 09:20:00,2025-10-10 09:25:00,2025-10-10 11:20:00,SHORT,121606.88375800001,121463.197782,0.19895788097839856,24199.4878024386,38.259600512146264,19.359590241950883,9.679795120975442,0.6049871950609651,8.615227954158975,0.0010680260703646973,24,120,max_hold,VOL_EXPANSION,TRENDING,0.4449968924798011,-0.0006392571087568396,-0.0006392571087568396,8075.11116210036
2025-10-10 20:30:00,2025-10-10 20:35:00,2025-10-10 20:50:00,LONG,116938.05293399999,115471.01803265858,0.20720525051562036,24225.333486301082,-294.3460700670997,19.380266789040867,9.690133394520434,0.10093888952625452,-323.5174091401873,-0.04006352391265899,4,20,stop_loss,VOL_EXPANSION,HIGH_VOLATILITY,0.4755625627060341,-0.0007179208153524143,-0.0007179208153524143,7751.593752960172
2025-10-11 05:30:00,2025-10-11 05:35:00,2025-10-11 07:30:00,SHORT,112145.436426,111002.196,0.20732123431496488,23254.781258880517,246.27067460571612,18.603825007104415,9.301912503552208,0.581369531472013,217.7835675635875,0.028095327813124942,24,120,max_hold,ORNSTEIN_UHLENBECK,HIGH_VOLATILITY,0.40112596762843067,-0.00028929859093905605,-0.00028929859093905605,7969.37732052376
2025-10-11 07:35:00,2025-10-11 07:40:00,2025-10-11 09:35:00,SHORT,110606.184338,111683.862306,0.21611224072365637,23908.131961571282,-223.29148936049458,19.126505569257027,9.563252784628514,0.5977032990392821,-252.5789510134194,-0.03169368707928357,24,120,max_hold,ORNSTEIN_UHLENBECK,HIGH_VOLATILITY,0.40112596762843067,-0.00028929859093905605,-0.00028929859093905605,7716.798369510341
2025-10-11 21:15:00,2025-10-11 21:20:00,2025-10-11 23:15:00,LONG,110299.0554,110951.52525600001,0.20992949670857047,23150.395108531025,146.262078946797,18.52031608682482,9.26015804341241,0.5787598777132756,117.9028449388465,0.01527872561821618,24,120,max_hold,ORNSTEIN_UHLENBECK,NO_TRADE,0.48284734133790735,-0.0005706037793934026,-0.0005706037793934026,7834.701214449187
2025-10-12 04:35:00,2025-10-12 04:40:00,2025-10-12 06:35:00,SHORT,111187.767998,111696.3348,0.2113488133248757,23504.10364334756,-98.0637358946077,18.80328291467805,9.401641457339025,0.5876025910836891,-126.85626285770847,-0.016191589109199617,24,120,max_hold,ORNSTEIN_UHLENBECK,NO_TRADE,0.43406985032074125,-0.0006153701161473847,-0.0006153701161473847,7707.844951591479
2025-10-12 08:55:00,2025-10-12 09:00:00,2025-10-12 10:55:00,SHORT,111288.63782,111673.970328,0.20773827949261425,23123.534854774436,-70.78474135431247,18.49882788381955,9.249413941909776,0.578088371369361,-99.11107155141117,-0.012858467207613872,24,120,max_hold,ORNSTEIN_UHLENBECK,NO_TRADE,0.43406985032074125,-0.0006153701161473847,-0.0006153701161473847,7608.733880040068
2025-10-12 17:30:00,2025-10-12 17:35:00,2025-10-12 19:30:00,LONG,114222.809994,114302.394948,0.19987922623902793,22826.2016401202,25.04286825548623,18.260961312096164,9.130480656048082,0.5706550410030051,-2.919228753661021,-0.00038366813712844015,24,120,max_hold,VOL_EXPANSION,HIGH_VOLATILITY,0.4755625627060341,-0.0007179208153524143,-0.0007179208153524143,7605.814651286407
2025-10-12 19:35:00,2025-10-12 19:40:00,2025-10-12 21:35:00,LONG,114182.771988,114582.47892,0.19987259938871044,22817.44395385922,89.03524812369476,18.253955163087376,9.126977581543688,0.5704360988464805,61.08387928021721,0.008031207974531145,24,120,max_hold,VOL_EXPANSION,HIGH_VOLATILITY,0.4755625627060341,-0.0007179208153524143,-0.0007179208153524143,7666.898530566624
2025-10-13 19:40:00,2025-10-13 19:45:00,2025-10-13 21:40:00,SHORT,115676.89999199999,115644.904356,0.19879591737133256,23000.69559169987,15.557768493480381,18.4005564733599,9.20027823667995,0.5750173897924968,-12.618083606351963,-0.0016457872183968268,24,120,max_hold,ORNSTEIN_UHLENBECK,MEAN_REVERTING,0.44855842185128986,-0.0007159063437208694,-0.0007159063437208694,7654.280446960272
2025-10-13 22:00:00,2025-10-13 22:05:00,2025-10-14 00:00:00,SHORT,115786.078152,115145.5245,0.19828159947238075,22962.841340880816,136.1679056216649,18.370273072704652,9.185136536352326,0.5740710335220204,108.03842497908589,0.014114772215067056,24,120,max_hold,ORNSTEIN_UHLENBECK,MEAN_REVERTING,0.44855842185128986,-0.0007159063437208694,-0.0007159063437208694,7762.318871939357
2025-10-16 09:45:00,2025-10-16 09:50:00,2025-10-16 11:45:00,LONG,111654.37641,111173.11093000001,0.20860457741139818,23286.95661581807,-91.09761895555651,18.62956529265446,9.31478264632723,0.5821739153954518,-119.62414080993366,-0.015410876927817636,24,120,max_hold,MEAN_REVERSION,HIGH_VOLATILITY,0.4639981596503336,-0.0005607429538077292,-0.0005607429538077292,7642.694731129423
2025-10-16 11:55:00,2025-10-16 12:00:00,2025-10-16 13:55:00,LONG,111427.010946,110837.82800000001,0.20580889333323882,22928.08419338827,-112.11027846541441,18.342467354710617,9.171233677355309,0.5732021048347068,-140.19718160231503,-0.01834394628262183,24,120,max_hold,MEAN_REVERSION,HIGH_VOLATILITY,0.4639981596503336,-0.0005607429538077292,-0.0005607429538077292,7502.497549527108
2025-10-17 12:25:00,2025-10-17 12:30:00,2025-10-17 14:25:00,LONG,105621.860148,105045.18676,0.21313764135157884,22507.492648581327,-113.93059480807392,18.00599411886506,9.00299705943253,0.5626873162145332,-141.50227330258605,-0.018860689039679208,24,120,max_hold,VOL_EXPANSION,HIGH_VOLATILITY,0.4755625627060341,-0.0007179208153524143,-0.0007179208153524143,7360.995276224522
2025-10-17 14:30:00,2025-10-17 14:35:00,2025-10-17 15:50:00,LONG,104702.36628599999,106607.87764548563,0.21095418574883404,22082.985828673565,410.8909698008745,17.666388662938854,8.833194331469427,0.3680497638112261,384.023337042655,0.05217002900178762,16,80,take_profit,MOMENTUM,HIGH_VOLATILITY,0.5169974115616911,-0.00044468427386492085,-0.00044468427386492085,7745.018613267177
2025-10-17 17:25:00,2025-10-17 17:30:00,2025-10-17 19:25:00,LONG,106239.823716,106575.470642,0.21874756600776937,23235.05583980153,82.73251693979502,18.588044671841224,9.294022335920612,0.5808763959950383,54.269573536038145,0.007007029452850461,24,120,max_hold,VOL_EXPANSION,HIGH_VOLATILITY,0.4755625627060341,-0.0007179208153524143,-0.0007179208153524143,7799.2881868032155
2025-10-17 19:55:00,2025-10-17 20:00:00,2025-10-17 21:55:00,LONG,106478.53144800001,107279.93972,0.2197865035803074,23397.864560409645,185.5349748623496,18.718291648327718,9.359145824163859,0.5849466140102412,156.87259077584778,0.020113706150938753,24,120,max_hold,VOL_EXPANSION,HIGH_VOLATILITY,0.4755625627060341,-0.0007179208153524143,-0.0007179208153524143,7956.1607775790635
2025-10-21 15:45:00,2025-10-21 15:50:00,2025-10-21 17:15:00,LONG,113399.92545,111807.92270481808,0.2105226783392364,23868.482332737192,-325.670422990619,19.094785866189756,9.547392933094878,0.4475340437388224,-354.76013583364244,-0.044589362350919017,18,90,stop_loss,MEAN_REVERSION,TRENDING,0.4500970873786408,-0.00044867865494584185,-0.00044867865494584185,7601.400641745421
2025-10-22 00:15:00,2025-10-22 00:20:00,2025-10-22 02:15:00,SHORT,108281.3394,108568.74940799999,0.2105592820626969,22804.201925236262,-51.384887194577296,18.24336154018901,9.121680770094505,0.5701050481309066,-79.32003455299171,-0.010434923547823731,24,120,max_hold,MEAN_REVERSION,TRENDING,0.45963975983989325,-0.00046225649985731204,-0.00046225649985731204,7522.08060719243
2025-10-22 03:10:00,2025-10-22 03:15:00,2025-10-22 05:10:00,SHORT,107995.8965,108375.060678,0.2089128319168402,22566.24182157729,-70.17173111254685,18.05299345726183,9.026496728630915,0.5641560455394322,-97.81537734397904,-0.01300376617214795,24,120,max_hold,MEAN_REVERSION,TRENDING,0.45963975983989325,-0.00046225649985731204,-0.00046225649985731204,7424.265229848451
2025-10-22 05:30:00,2025-10-22 05:35:00,2025-10-22 07:30:00,SHORT,107953.385004,107989.473576,0.20627737731042278,22272.795689545354,1.4645693789016359,17.818236551636282,8.909118275818141,0.5568198922386338,-25.81960534079142,-0.0034777320773760217,24,120,max_hold,MEAN_REVERSION,TRENDING,0.45963975983989325,-0.00046225649985731204,-0.00046225649985731204,7398.44562450766
2025-10-22 09:05:00,2025-10-22 09:10:00,2025-10-22 11:00:00,SHORT,108077.08026,107310.89844952783,0.2053247344651044,22195.33687352298,166.16097934073204,17.756269498818387,8.878134749409194,0.5317632792614881,138.99481181324296,0.01878702890683103,23,115,take_profit,MEAN_REVERSION,TRENDING,0.45963975983989325,-0.00046225649985731204,-0.00046225649985731204,7537.440436320903
2025-10-22 11:05:00,2025-10-22 11:10:00,2025-10-22 11:15:00,SHORT,107336.77835000001,108043.98057584421,0.21062490594772837,22612.32130896271,-139.88149748137795,18.08985704717017,9.044928523585085,0.04710900272700565,-167.0633920548602,-0.022164472603966,2,10,stop_loss,MEAN_REVERSION,TRENDING,0.4124223602484472,-0.0002565041544720882,-0.0002565041544720882,7370.377044266043
2025-10-23 03:25:00,2025-10-23 03:30:00,2025-10-23 05:25:00,SHORT,108684.01884799999,108788.55336,0.203403491524259,22111.13113279813,-12.41574912264321,17.688904906238506,8.844452453119253,0.5527782783199533,-39.50188476032093,-0.005359547350573108,24,120,max_hold,ORNSTEIN_UHLENBECK,MEAN_REVERTING,0.44855842185128986,-0.0007159063437208694,-0.0007159063437208694,7330.875159505723
2025-10-23 05:45:00,2025-10-23 05:50:00,2025-10-23 06:15:00,SHORT,108801.13541999999,109523.52215514767,0.20209556516612928,21992.62547851717,-137.16667198238073,17.594100382813735,8.797050191406868,0.1374539092407323,-163.69527646584206,-0.022329568148979236,6,30,stop_loss,ORNSTEIN_UHLENBECK,MEAN_REVERTING,0.44855842185128986,-0.0007159063437208694,-0.0007159063437208694,7167.179883039881
2025-10-23 16:50:00,2025-10-23 16:55:00,2025-10-23 18:50:00,SHORT,110511.3933,110582.79213599999,0.19452509555130024,21501.539649119644,-5.287192097083089,17.201231719295716,8.600615859647858,0.5375384912279911,-31.626578167254657,-0.00441269490697373,24,120,max_hold,ORNSTEIN_UHLENBECK,MEAN_REVERTING,0.44855842185128986,-0.0007159063437208694,-0.0007159063437208694,7135.5533048726265
2025-10-24 04:25:00,2025-10-24 04:30:00,2025-10-24 06:25:00,SHORT,110940.027556,111332.782104,0.19291845381804615,21406.659914617878,-67.19349746482833,17.125327931694304,8.562663965847152,0.535166497865447,-93.41665586023522,-0.01309171859124704,24,120,max_hold,ORNSTEIN_UHLENBECK,MEAN_REVERTING,0.44855842185128986,-0.0007159063437208694,-0.0007159063437208694,7042.136649012391
2025-10-24 06:30:00,2025-10-24 06:35:00,2025-10-24 08:30:00,SHORT,111383.58882599999,110850.51567000001,0.18963462111141158,21126.409947037173,109.51778638426089,16.90112795762974,8.45056397881487,0.5281602486759294,83.63793419914035,0.011876783761483805,24,120,max_hold,ORNSTEIN_UHLENBECK,MEAN_REVERTING,0.44855842185128986,-0.0007159063437208694,-0.0007159063437208694,7125.7745832115315
2025-10-25 07:20:00,2025-10-25 07:25:00,2025-10-25 09:20:00,SHORT,111662.872958,111702.68607,0.1914069351674639,21377.323749634594,0.9302377049138187,17.101858999707677,8.550929499853838,0.5344330937408649,-25.25698388838856,-0.0035444545141653126,24,120,max_hold,ORNSTEIN_UHLENBECK,MEAN_REVERTING,0.44855842185128986,-0.0007159063437208694,-0.0007159063437208694,7100.517599323143
2025-10-25 12:55:00,2025-10-25 13:00:00,2025-10-25 14:55:00,SHORT,111876.650194,111613.508238,0.19036405228865194,21301.55279796943,58.601669856537704,17.041242238375546,8.520621119187773,0.5325388199492358,32.50726767902515,0.004578154652010708,24,120,max_hold,ORNSTEIN_UHLENBECK,MEAN_REVERTING,0.44855842185128986,-0.0007159063437208694,-0.0007159063437208694,7133.024867002168
2025-10-29 16:30:00,2025-10-29 16:35:00,2025-10-29 18:00:00,SHORT,111223.760798,111947.26209250618,0.1923581313253977,21399.074601006505,-130.58561006030126,17.119259680805204,8.559629840402602,0.401232648768872,-156.66573223027797,-0.02196343559028144,18,90,stop_loss,MEAN_REVERSION,TRENDING,0.42857142857142855,0.00022454150646600952,0.00022454150646600952,6976.35913477189
2025-10-29 19:35:00,2025-10-29 19:40:00,2025-10-29 21:35:00,LONG,110455.73672999999,111729.209688,0.18951721150496856,20929.07740431567,249.76662821451586,16.743261923452536,8.371630961726268,0.5232269351078918,224.12850839422916,0.03212685930647084,24,120,max_hold,VOL_EXPANSION,HIGH_VOLATILITY,0.4755625627060341,-0.0007179208153524143,-0.0007179208153524143,7200.48764316612
2025-10-29 21:40:00,2025-10-29 21:45:00,2025-10-29 23:40:00,LONG,111634.452426,109745.15578841076,0.19354045953157922,21601.46292949836,-357.08617149299045,17.28117034359869,8.640585171799344,0.540036573237459,-383.54796358162594,-0.05326694282235813,24,120,stop_loss,VOL_EXPANSION,HIGH_VOLATILITY,0.4755625627060341,-0.0007179208153524143,-0.0007179208153524143,6816.939679584493
2025-10-30 00:00:00,2025-10-30 00:05:00,2025-10-30 02:00:00,LONG,110002.466094,110377.900004,0.18594955121353343,20450.819038753478,78.00769622958786,16.360655231002784,8.180327615501392,0.511270475968837,52.95544290711486,0.007768213508725458,24,120,max_hold,MOMENTUM,HIGH_VOLATILITY,0.5089982481286829,-0.0006490732993168091,-0.0006490732993168091,6869.895122491608
2025-10-30 02:05:00,2025-10-30 02:10:00,2025-10-30 04:05:00,SHORT,110377.910002,110342.474082,0.18668194958599926,20609.685367474824,14.856149548055084,16.48774829397986,8.24387414698993,0.5152421341868706,-10.390715027101574,-0.0015124998041211753,24,120,max_hold,ORNSTEIN_UHLENBECK,HIGH_VOLATILITY,0.40112596762843067,-0.00028929859093905605,-0.00028929859093905605,6859.504407464507
2025-10-30 04:35:00,2025-10-30 04:40:00,2025-10-30 06:35:00,LONG,109464.73857,110219.44170200001,0.1880297636839092,20578.51322239352,150.1680904685182,16.46281057791482,8.23140528895741,0.5144628305598381,124.95941177108614,0.01821697375616603,24,120,max_hold,MOMENTUM,HIGH_VOLATILITY,0.5169974115616911,-0.00044468427386492085,-0.00044468427386492085,6984.463819235592
2025-10-30 07:25:00,2025-10-30 07:30:00,2025-10-30 09:25:00,LONG,111296.514852,110393.31692,0.18830402878173963,20953.391457706777,-161.72679815948405,16.762713166165423,8.381356583082711,0.5238347864426695,-187.39470269517486,-0.02683022026387762,24,120,max_hold,VOL_EXPANSION,HIGH_VOLATILITY,0.4755625627060341,-0.0007179208153524143,-0.0007179208153524143,6797.069116540418
2025-10-30 09:30:00,2025-10-30 09:35:00,2025-10-30 11:30:00,LONG,110286.242838,109964.29274199999,0.1849304597405672,20391.207349621254,-51.39217476190536,16.312965879697003,8.156482939848502,0.5097801837405314,-76.37140376519139,-0.011235931613427967,24,120,max_hold,MOMENTUM,HIGH_VOLATILITY,0.5089982481286829,-0.0006490732993168091,-0.0006490732993168091,6720.697712775226
2025-10-30 11:50:00,2025-10-30 11:55:00,2025-10-30 12:50:00,LONG,109792.184046,108319.21840412803,0.18367542036056297,20162.09313832568,-262.5352532428193,16.129674510660543,8.064837255330271,0.252026164229071,-286.98179117303914,-0.042701190179632954,12,60,stop_loss,VOL_EXPANSION,HIGH_VOLATILITY,0.4755625627060341,-0.0007179208153524143,-0.0007179208153524143,6433.715921602187
2025-10-31 16:35:00,2025-10-31 16:40:00,2025-10-31 16:50:00,LONG,110053.866372,108914.05697042814,0.17541417335675832,19301.147764806563,-192.25671619830635,15.44091821184525,7.720459105922625,0.06031608676502051,-215.47840960283926,-0.03349206154398852,3,15,stop_loss,ORNSTEIN_UHLENBECK,NO_TRADE,0.40409434801958166,-0.0007234345070650343,-0.0007234345070650343,6218.2375119993485
2025-11-01 00:25:00,2025-11-01 00:30:00,2025-11-01 02:25:00,SHORT,109515.322554,109673.460306,0.1703047679405262,18654.712535998045,-19.465834975601837,14.923770028798437,7.461885014399218,0.46636781339995115,-42.317857832199444,-0.006805442498865405,24,120,max_hold,ORNSTEIN_UHLENBECK,NO_TRADE,0.43406985032074125,-0.0006153701161473847,-0.0006153701161473847,6175.919654167149
2025-11-01 04:05:00,2025-11-01 04:10:00,2025-11-01 06:05:00,SHORT,110386.66825,110061.68793599999,0.167810603439505,18527.758962501448,61.93385941141879,14.822207170001159,7.411103585000579,0.4631939740625362,39.237354682354514,0.006353281272997041,24,120,max_hold,ORNSTEIN_UHLENBECK,MEAN_REVERTING,0.44855842185128986,-0.0007159063437208694,-0.0007159063437208694,6215.157008849504
2025-11-02 04:40:00,2025-11-02 04:45:00,2025-11-02 06:40:00,SHORT,110412.922998,110547.215022,0.16883659472252968,18645.471026548512,-15.212177184499364,14.91637682123881,7.458188410619405,0.4661367756637128,-38.052879192021294,-0.006122593385467074,24,120,max_hold,ORNSTEIN_UHLENBECK,MEAN_REVERTING,0.44855842185128986,-0.0007159063437208694,-0.0007159063437208694,6177.104129657482
2025-11-02 06:45:00,2025-11-02 06:50:00,2025-11-02 08:45:00,SHORT,110668.871798,110821.519872,0.16741479176106935,18531.312388972445,-18.139392687314057,14.825049911177956,7.412524955588978,0.46328280972431113,-40.8402503638053,-0.006611552842006223,24,120,max_hold,ORNSTEIN_UHLENBECK,MEAN_REVERTING,0.44855842185128986,-0.0007159063437208694,-0.0007159063437208694,6136.263879293677
2025-11-02 08:50:00,2025-11-02 08:55:00,2025-11-02 10:50:00,SHORT,110791.677232,110432.842152,0.16612357840754396,18408.79163788103,66.96109198451283,14.727033310304824,7.363516655152412,0.46021979094702575,44.41032222810857,0.007237355352002965,24,120,max_hold,ORNSTEIN_UHLENBECK,MEAN_REVERTING,0.44855842185128986,-0.0007159063437208694,-0.0007159063437208694,6180.674201521785
2025-11-03 18:25:00,2025-11-03 18:30:00,2025-11-03 20:25:00,LONG,107283.692448,106724.570816,0.17286626313757156,18542.022604565354,-89.2543089831912,14.833618083652285,7.416809041826142,0.4635505651141339,-111.96828667378375,-0.01811586940567346,24,120,max_hold,VOL_EXPANSION,HIGH_VOLATILITY,0.4755625627060341,-0.0007179208153524143,-0.0007179208153524143,6068.705914848001
2025-11-03 21:05:00,2025-11-03 21:10:00,2025-11-03 23:05:00,LONG,106751.34599999999,106168.831986,0.17058107134398956,18206.117744544004,-92.10183785075999,14.564894195635205,7.282447097817602,0.45515294361360015,-114.40433208782639,-0.018851520191136464,24,120,max_hold,VOL_EXPANSION,HIGH_VOLATILITY,0.4755625627060341,-0.0007179208153524143,-0.0007179208153524143,5954.301582760175
2025-11-04 17:15:00,2025-11-04 17:20:00,2025-11-04 19:15:00,LONG,100943.594682,101288.13832,0.17699466108289966,17862.904748280525,68.14117457030518,14.29032379862442,7.14516189931221,0.44657261870701315,46.25911625366154,0.007769024731229296,24,120,max_hold,MOMENTUM,HIGH_VOLATILITY,0.5169974115616911,-0.00044468427386492085,-0.00044468427386492085,6000.560699013837
2025-11-04 19:30:00,2025-11-04 19:35:00,2025-11-04 21:30:00,LONG,101133.962748,99500.62975322013,0.17803398526294753,18001.68209704151,-283.64483845100085,14.40134567763321,7.200672838816605,0.4500420524260378,-305.69689901987675,-0.05094472239404504,24,120,stop_loss,VOL_EXPANSION,HIGH_VOLATILITY,0.4755625627060341,-0.0007179208153524143,-0.0007179208153524143,5694.86379999396
2025-11-05 00:05:00,2025-11-05 00:10:00,2025-11-05 01:20:00,LONG,101141.064168,99369.61015949002,0.16895222982702557,17084.59139998188,-292.5157713680655,13.667673119985505,6.833836559992752,0.2669467406247169,-313.28422778866843,-0.055011715607491914,15,75,stop_loss,VOL_EXPANSION,HIGH_VOLATILITY,0.4755625627060341,-0.0007179208153524143,-0.0007179208153524143,5381.579572205292
2025-11-06 18:15:00,2025-11-06 18:20:00,2025-11-06 20:15:00,LONG,101012.57847600001,101146.946564,0.15986095898141894,16144.738716615875,27.94369562994966,12.915790973292701,6.4578954866463505,0.4036184679153969,8.16639070209521,0.0015174709567192639,24,120,max_hold,MOMENTUM,HIGH_VOLATILITY,0.5089982481286829,-0.0006490732993168091,-0.0006490732993168091,5389.7459629073865
2025-11-06 20:25:00,2025-11-06 20:30:00,2025-11-06 22:25:00,LONG,101102.44644599999,101112.87338,0.1599612304627842,16169.23788872216,8.137227793643895,12.935390310977729,6.467695155488864,0.404230947218054,-11.670088620040751,-0.0021652390855441293,24,120,max_hold,MOMENTUM,HIGH_VOLATILITY,0.5089982481286829,-0.0006490732993168091,-0.0006490732993168091,5378.075874287346
2025-11-06 22:35:00,2025-11-06 22:40:00,2025-11-07 00:35:00,LONG,101152.106376,101268.10232800001,0.15953651433021948,16134.227622862038,24.96427376239156,12.90738209828963,6.453691049144815,0.40335569057155096,5.1998449243855625,0.000966859718221175,24,120,max_hold,VOL_EXPANSION,HIGH_VOLATILITY,0.4755625627060341,-0.0007179208153524143,-0.0007179208153524143,5383.2757192117315
2025-11-07 15:55:00,2025-11-07 16:00:00,2025-11-07 17:25:00,LONG,100818.10959,102437.64170318442,0.16021979770060002,16149.827157635194,265.99423725453914,12.919861726108156,6.459930863054078,0.30280925920565993,246.31163540617123,0.04575497304125423,18,90,take_profit,VOL_EXPANSION,HIGH_VOLATILITY,0.4755625627060341,-0.0007179208153524143,-0.0007179208153524143,5629.587354617903
2025-11-07 17:35:00,2025-11-07 17:40:00,2025-11-07 19:35:00,LONG,102273.270564,103179.36,0.1651667119190816,16888.76206385371,156.44260619551423,13.511009651082967,6.755504825541483,0.4222190515963427,135.75387266729345,0.02411435583390241,24,120,max_hold,ORNSTEIN_UHLENBECK,HIGH_VOLATILITY,0.43185078909612623,-4.2461027369682664e-05,-4.2461027369682664e-05,5765.3412272851965
2025-11-07 19:45:00,2025-11-07 19:50:00,2025-11-07 21:45:00,LONG,103175.39095199999,103516.152628,0.16767063082552458,17296.02368185559,64.06694803843513,13.836818945484472,6.918409472742236,0.43240059204638975,42.87931902816203,0.007437429518521871,24,120,max_hold,ORNSTEIN_UHLENBECK,HIGH_VOLATILITY,0.4657142857142857,0.00022716150596862372,0.00022716150596862372,5808.220546313359
2025-11-07 22:30:00,2025-11-07 22:35:00,2025-11-08 00:30:00,LONG,103828.00144800001,102915.702742,0.1678559379763885,17424.661638940077,-146.19412918053789,13.939729311152062,6.969864655576031,0.43561654097350194,-167.5393396882395,-0.02884520970791673,24,120,max_hold,VOL_EXPANSION,HIGH_VOLATILITY,0.4755625627060341,-0.0007179208153524143,-0.0007179208153524143,5640.68120662512
2025-11-09 15:55:00,2025-11-09 16:00:00,2025-11-09 17:55:00,SHORT,103741.427564,103658.297514,0.1630848891173582,16922.04361987536,20.32200803291257,13.537634895900288,6.768817447950144,0.423051090496884,-0.4074954014347451,-7.224223218928446e-05,24,120,max_hold,ORNSTEIN_UHLENBECK,MEAN_REVERTING,0.44855842185128986,-0.0007159063437208694,-0.0007159063437208694,5640.273711223685
2025-11-11 14:50:00,2025-11-11 14:55:00,2025-11-11 15:45:00,LONG,103976.901222,103254.40134926264,0.16276889481215728,16920.821133671052,-110.85434820355698,13.536656906936843,6.768328453468421,0.19388440882331417,-131.35321797278556,-0.023288447458037962,11,55,stop_loss,ORNSTEIN_UHLENBECK,NO_TRADE,0.48284734133790735,-0.0005706037793934026,-0.0005706037793934026,5508.920493250899
2025-11-13 06:15:00,2025-11-13 06:20:00,2025-11-13 08:15:00,SHORT,103265.3428,103494.42474599999,0.1600096961810187,16526.7614797527,-30.03862026406069,13.221409183802159,6.610704591901079,0.41316903699381746,-50.283903076757746,-0.00912772350560544,24,120,max_hold,MOMENTUM,TRENDING,0.4597568037058483,-0.0006756929812810691,-0.0006756929812810691,5458.636590174141
2025-11-13 16:15:00,2025-11-13 16:20:00,2025-11-13 17:55:00,LONG,100864.09878599999,99640.68440013146,0.1623886511614772,16375.909770522423,-192.15667936040305,13.100727816417939,6.550363908208969,0.3411647868858838,-212.14893587191582,-0.03886482134637724,20,100,stop_loss,MOMENTUM,HIGH_VOLATILITY,0.5169974115616911,-0.00044468427386492085,-0.00044468427386492085,5246.487654302226
2025-11-14 00:05:00,2025-11-14 00:10:00,2025-11-14 02:05:00,LONG,99239.854002,99439.15819,0.15863194292065358,15739.462962906677,37.91937963575553,12.591570370325343,6.295785185162671,0.39348657407266696,18.63853750619485,0.0035525743572294263,24,120,max_hold,MOMENTUM,HIGH_VOLATILITY,0.5169974115616911,-0.00044468427386492085,-0.00044468427386492085,5265.12619180842
2025-11-14 04:30:00,2025-11-14 04:35:00,2025-11-14 06:30:00,LONG,97752.556602,96737.07871399999,0.16161764152588015,15795.37857542526,-157.83255636134376,12.636302860340209,6.318151430170104,0.3948844643856315,-177.1818951162397,-0.033651975026145156,24,120,max_hold,MOMENTUM,HIGH_VOLATILITY,0.5169974115616911,-0.00044468427386492085,-0.00044468427386492085,5087.944296692181
2025-11-15 01:20:00,2025-11-15 01:25:00,2025-11-15 03:20:00,LONG,95140.864368,96597.586618,0.16046612313298966,15263.832890076541,239.90808671244025,12.211066312061233,6.105533156030616,0.3815958222519135,221.2098914220965,0.0434772628241845,24,120,max_hold,VOL_EXPANSION,HIGH_VOLATILITY,0.4755625627060341,-0.0007179208153524143,-0.0007179208153524143,5309.1541881142775
2025-11-15 03:35:00,2025-11-15 03:40:00,2025-11-15 05:35:00,LONG,96219.23999999999,96005.355088,0.16556613892248268,15927.462564342834,-29.046923412560467,12.741970051474267,6.370985025737133,0.39818656410857084,-48.55806505388044,-0.009146101871101892,24,120,max_hold,VOL_EXPANSION,HIGH_VOLATILITY,0.4755625627060341,-0.0007179208153524143,-0.0007179208153524143,5260.596123060397
2025-11-16 09:50:00,2025-11-16 09:55:00,2025-11-16 11:20:00,SHORT,96390.71800000001,95766.37184764381,0.16369451684660502,15781.788369181191,108.4930584909574,12.625430695344953,6.312715347672476,0.2959085319221474,89.2590039160178,0.016967469432739992,18,90,take_profit,ORNSTEIN_UHLENBECK,MEAN_REVERTING,0.44855842185128986,-0.0007159063437208694,-0.0007159063437208694,5349.855126976415
2025-11-16 16:35:00,2025-11-16 16:40:00,2025-11-16 18:10:00,LONG,94153.806996,95154.76719120132,0.17049523334396252,16049.565380929245,177.1141910394477,12.839652304743398,6.419826152371699,0.31764764816422464,157.53706493416837,0.029446977758293767,19,95,take_profit,ORNSTEIN_UHLENBECK,NO_TRADE,0.48284734133790735,-0.0005706037793934026,-0.0005706037793934026,5507.392191910583
2025-11-16 23:00:00,2025-11-16 23:05:00,2025-11-17 00:25:00,LONG,93085.21332000001,94705.03283174968,0.17753067776980944,16522.176575731748,294.2353734906711,13.217741260585399,6.608870630292699,0.2925802101952497,274.1161813895978,0.04977240985165857,17,85,take_profit,MOMENTUM,HIGH_VOLATILITY,0.5089982481286829,-0.0006490732993168091,-0.0006490732993168091,5781.508373300181
2025-11-17 01:05:00,2025-11-17 01:10:00,2025-11-17 03:05:00,LONG,95195.23524,95200.965998,0.18223594890214723,17344.525119900543,7.983756921403613,13.875620095920436,6.937810047960218,0.4336131279975136,-13.263286350474555,-0.002294087544995399,24,120,max_hold,VOL_EXPANSION,HIGH_VOLATILITY,0.4755625627060341,-0.0007179208153524143,-0.0007179208153524143,5768.245086949707
2025-11-17 03:15:00,2025-11-17 03:20:00,2025-11-17 05:15:00,LONG,95219.060004,95010.904018,0.1817723910231229,17304.73526084912,-30.921301436944475,13.843788208679296,6.921894104339648,0.432618381521228,-52.119602131484655,-0.009035608117519484,24,120,max_hold,VOL_EXPANSION,HIGH_VOLATILITY,0.4755625627060341,-0.0007179208153524143,-0.0007179208153524143,5716.1254848182225
2025-11-17 06:10:00,2025-11-17 06:15:00,2025-11-17 08:10:00,LONG,94978.371876,95646.12694799999,0.18058644079662975,17148.37645445467,127.47235682952459,13.718701163563736,6.859350581781868,0.42870941136136675,106.46559567281761,0.018625482585290603,24,120,max_hold,VOL_EXPANSION,HIGH_VOLATILITY,0.4755625627060341,-0.0007179208153524143,-0.0007179208153524143,5822.59108049104
2025-11-17 15:20:00,2025-11-17 15:25:00,2025-11-17 17:20:00,LONG,94161.298494,93755.225204,0.1855461540521841,17467.77324147312,-68.37190230669061,13.974218593178499,6.987109296589249,0.4366943310368281,-89.76992452749519,-0.015417521733283831,24,120,max_hold,MOMENTUM,HIGH_VOLATILITY,0.5089982481286829,-0.0006490732993168091,-0.0006490732993168091,5732.821155963545
2025-11-17 17:25:00,2025-11-17 17:30:00,2025-11-17 19:15:00,LONG,93551.336526,92273.80304566793,0.18387661576383163,17198.463467890633,-228.0747624537873,13.758770774312508,6.879385387156254,0.39413145447249376,-249.10705006972853,-0.043452785861040844,22,110,stop_loss,MOMENTUM,HIGH_VOLATILITY,0.5089982481286829,-0.0006490732993168091,-0.0006490732993168091,5483.714105893816
2025-11-18 03:35:00,2025-11-18 03:40:00,2025-11-18 04:45:00,LONG,90684.14320199999,89476.90066442054,0.18144773678340373,16451.14231768145,-212.51347195976513,13.16091385414516,6.58045692707258,0.23991249213285448,-232.4947552331157,-0.04239731516696572,14,70,stop_loss,MOMENTUM,HIGH_VOLATILITY,0.5089982481286829,-0.0006490732993168091,-0.0006490732993168091,5251.2193506607
2025-11-19 18:40:00,2025-11-19 18:45:00,2025-11-19 20:40:00,LONG,88924.701384,89178.630706,0.1771927095436677,15753.6580519821,51.30614904836834,12.60292644158568,6.30146322079284,0.3938414512995525,32.00791793469027,0.006095330588440013,24,120,max_hold,MOMENTUM,HIGH_VOLATILITY,0.5169974115616911,-0.00044468427386492085,-0.00044468427386492085,5283.22726859539
2025-11-19 21:35:00,2025-11-19 21:40:00,2025-11-19 23:35:00,LONG,90394.07519999999,91466.48304400001,0.17537489826708608,15849.681805786171,194.45217970058033,12.679745444628937,6.339872722314468,0.3962420451446543,175.03631948849227,0.03313056784987177,24,120,max_hold,VOL_EXPANSION,HIGH_VOLATILITY,0.4755625627060341,-0.0007179208153524143,-0.0007179208153524143,5458.2635880838825
2025-11-19 23:55:00,2025-11-20 00:00:00,2025-11-20 01:55:00,LONG,91573.270992,92571.611974,0.17885203340432507,16374.790764251647,185.14225941915544,13.099832611401318,6.549916305700659,0.4093697691062912,165.08314073294716,0.03024462598203313,24,120,max_hold,MEAN_REVERSION,HIGH_VOLATILITY,0.4639981596503336,-0.0005607429538077292,-0.0005607429538077292,5623.346728816829
2025-11-20 02:00:00,2025-11-20 02:05:00,2025-11-20 04:00:00,LONG,92716.759644,92474.461408,0.18198882552923334,16870.04018645049,-37.3550263281301,13.496032149160392,6.748016074580196,0.42175100466126225,-58.020825556531946,-0.010317846000710633,24,120,max_hold,MEAN_REVERSION,TRENDING,0.42565597667638483,-0.0005421302006394861,-0.0005421302006394861,5565.325903260297
2025-11-20 16:05:00,2025-11-20 16:10:00,2025-11-20 16:45:00,LONG,88975.911624,87897.79017373771,0.18768357188507234,16695.97770978089,-195.7064349142105,13.356782167824713,6.678391083912357,0.13913314758150744,-215.88074131352906,-0.038790314361834784,8,40,stop_loss,MOMENTUM,HIGH_VOLATILITY,0.5169974115616911,-0.00044468427386492085,-0.00044468427386492085,5349.445161946768
2025-11-21 00:00:00,2025-11-21 00:05:00,2025-11-21 02:00:00,SHORT,86699.64660200001,86955.73767,0.1850656426824813,16048.335485840304,-40.96613066419242,12.838668388672243,6.4193341943361215,0.4012083871460076,-60.625341634346796,-0.011333014882665709,24,120,max_hold,MEAN_REVERSION,TRENDING,0.4124223602484472,-0.0002565041544720882,-0.0002565041544720882,5288.819820312421
2025-11-21 02:05:00,2025-11-21 02:10:00,2025-11-21 02:55:00,LONG,86689.394412,85541.25396063109,0.18306314008155875,15866.459460937263,-203.8763877754298,12.69316756874981,6.346583784374905,0.16527561938476315,-223.08141474793928,-0.042179809924922235,10,50,stop_loss,MOMENTUM,HIGH_VOLATILITY,0.5089982481286829,-0.0006490732993168091,-0.0006490732993168091,5065.738405564482
2025-11-22 00:00:00,2025-11-22 00:05:00,2025-11-22 02:00:00,LONG,85331.40286799999,85053.315934,0.17813201411032947,15197.215216693445,-43.46599276306042,12.157772173354756,6.078886086677378,0.3799303804173361,-62.08258140350989,-0.012255386368809535,24,120,max_hold,MEAN_REVERSION,HIGH_VOLATILITY,0.4639981596503336,-0.0005607429538077292,-0.0005607429538077292,5003.655824160972
2025-11-22 02:10:00,2025-11-22 02:15:00,2025-11-22 04:10:00,LONG,84740.934798,84098.386958,0.17717493560540426,15010.967472482916,-107.86055729785757,12.008773977986333,6.004386988993167,0.3752741868120729,-126.24899245164914,-0.02523135021438429,24,120,max_hold,VOL_EXPANSION,HIGH_VOLATILITY,0.4755625627060341,-0.0007179208153524143,-0.0007179208153524143,4877.406831709322
2025-11-23 00:10:00,2025-11-23 00:15:00,2025-11-23 01:40:00,SHORT,85169.9626,85838.44220907868,0.17176588558263547,14632.220495127967,-108.94731438640535,11.705776396102374,5.852888198051187,0.2743541342836494,-126.78033311484258,-0.025993389005528476,18,90,stop_loss,ORNSTEIN_UHLENBECK,MEAN_REVERTING,0.44855842185128986,-0.0007159063437208694,-0.0007159063437208694,4750.62649859448
2025-11-23 01:45:00,2025-11-23 01:50:00,2025-11-23 03:45:00,SHORT,85739.108748,86077.422042,0.16619054394143867,14251.87949578344,-50.513615831002504,11.401503596626752,5.700751798313376,0.356296987394586,-67.97216821333721,-0.014308042998843933,24,120,max_hold,ORNSTEIN_UHLENBECK,MEAN_REVERTING,0.44855842185128986,-0.0007159063437208694,-0.0007159063437208694,4682.654330381143
2025-11-24 05:45:00,2025-11-24 05:50:00,2025-11-24 07:45:00,LONG,87448.11612600001,87291.218264,0.16067553203200557,14047.96299114343,-19.594381131304974,11.238370392914744,5.619185196457372,0.35119907477858575,-36.803135795455674,-0.007859460297266934,24,120,max_hold,VOL_EXPANSION,HIGH_VOLATILITY,0.4755625627060341,-0.0007179208153524143,-0.0007179208153524143,4645.851194585687
2025-11-24 08:15:00,2025-11-24 08:20:00,2025-11-24 10:15:00,LONG,86818.040136,85970.862388,0.16056963590327936,13937.55358375706,-130.48209752772243,11.150042867005649,5.575021433502824,0.3484388395939265,-147.55560066782485,-0.031760724674046246,24,120,max_hold,MOMENTUM,HIGH_VOLATILITY,0.5089982481286829,-0.0006490732993168091,-0.0006490732993168091,4498.295593917862
2025-11-25 19:15:00,2025-11-25 19:20:00,2025-11-25 21:15:00,LONG,86495.44562999999,87254.755558,0.15604967013926163,13494.886781753587,123.91280107078333,10.79590942540287,5.397954712701435,0.3373721695438397,107.38156476313519,0.023871611485097963,24,120,max_hold,MOMENTUM,HIGH_VOLATILITY,0.5169974115616911,-0.00044468427386492085,-0.00044468427386492085,4605.677158680997
2025-11-25 21:55:00,2025-11-25 22:00:00,2025-11-25 23:55:00,LONG,87049.766472,87352.486008,0.15875740329278665,13817.031476042992,53.59649935164474,11.053625180834395,5.526812590417197,0.34542578690107484,36.67063579349207,0.007962050862460806,24,120,max_hold,VOL_EXPANSION,HIGH_VOLATILITY,0.4755625627060341,-0.0007179208153524143,-0.0007179208153524143,4642.347794474489
2025-11-26 00:10:00,2025-11-26 00:15:00,2025-11-26 02:10:00,SHORT,87449.95651,88015.44957,0.1592254419606776,13927.043383423468,-84.45317441594439,11.141634706738776,5.570817353369388,0.34817608458558674,-101.51380256063814,-0.02186691024775524,24,120,max_hold,ORNSTEIN_UHLENBECK,NO_TRADE,0.43406985032074125,-0.0006153701161473847,-0.0006153701161473847,4540.833991913851
2025-11-26 14:45:00,2025-11-26 14:50:00,2025-11-26 14:55:00,LONG,87651.26674800001,86988.37870792877,0.15544814104409502,13622.501975741552,-97.6152358063016,10.898001580593242,5.449000790296621,0.028380212449461567,-113.99061838964093,-0.025103454253696835,2,10,stop_loss,ORNSTEIN_UHLENBECK,NO_TRADE,0.40409434801958166,-0.0007234345070650343,-0.0007234345070650343,4426.84337352421
2025-11-27 00:00:00,2025-11-27 00:05:00,2025-11-27 02:00:00,LONG,90440.664516,90922.591844,0.14687183356825947,13280.530120572628,76.10898415507121,10.624424096458103,5.312212048229052,0.3320132530143157,59.840334757369746,0.013517608306464852,24,120,max_hold,MEAN_REVERSION,TRENDING,0.4500970873786408,-0.00044867865494584185,-0.00044867865494584185,4486.683708281579
2025-11-27 17:30:00,2025-11-27 17:35:00,2025-11-27 19:30:00,LONG,91513.04895,91508.63461200001,0.14711282477786689,13460.051124844736,4.73556182960018,10.768040899875789,5.3840204499378945,0.3365012781211184,-11.753000798334622,-0.0026195296041574717,24,120,max_hold,ORNSTEIN_UHLENBECK,NO_TRADE,0.40409434801958166,-0.0007234345070650343,-0.0007234345070650343,4474.930707483244
2025-11-28 10:50:00,2025-11-28 10:55:00,2025-11-28 11:15:00,SHORT,91841.767972,91221.08936252496,0.14614382388759403,13424.792122449733,96.0590504328103,10.739833697959787,5.369916848979893,0.06992079230442569,79.87937909356619,0.01785041698187352,5,25,take_profit,ORNSTEIN_UHLENBECK,MEAN_REVERTING,0.44855842185128986,-0.0007159063437208694,-0.0007159063437208694,4554.81008657681
2025-11-28 13:50:00,2025-11-28 13:55:00,2025-11-28 14:25:00,SHORT,92124.70137400001,92785.5658801312,0.1482957032144494,13664.43025973043,-92.51909074415322,10.931544207784345,5.4657721038921725,0.09963647064386771,-109.01604352647361,-0.023934267610355,7,35,stop_loss,ORNSTEIN_UHLENBECK,MEAN_REVERTING,0.44855842185128986,-0.0007159063437208694,-0.0007159063437208694,4445.794043050337
2025-11-28 14:30:00,2025-11-28 14:35:00,2025-11-28 16:20:00,SHORT,92561.603976,91622.87870443783,0.1440631328750817,13337.38212915101,140.54254787234356,10.66990570332081,5.334952851660405,0.3056483404597107,124.23204097690264,0.027943723837387857,22,110,take_profit,ORNSTEIN_UHLENBECK,MEAN_REVERTING,0.44855842185128986,-0.0007159063437208694,-0.0007159063437208694,4570.026084027239
2025-11-30 08:20:00,2025-11-30 08:25:00,2025-11-30 10:20:00,SHORT,91292.577832,91345.335414,0.15014732371404885,13710.07825208172,-2.4368910638818573,10.968062601665375,5.4840313008326875,0.34275195630204297,-19.23173692268196,-0.00420823351313006,24,120,max_hold,ORNSTEIN_UHLENBECK,MEAN_REVERTING,0.44855842185128986,-0.0007159063437208694,-0.0007159063437208694,4550.794347104557
2025-11-30 10:25:00,2025-11-30 10:30:00,2025-11-30 12:25:00,SHORT,91378.60062400001,91280.272404,0.14937471652548392,13652.383041313671,20.144674270626606,10.921906433050937,5.460953216525469,0.3413095760328418,3.420505045017358,0.0007516281299755183,24,120,max_hold,ORNSTEIN_UHLENBECK,MEAN_REVERTING,0.44855842185128986,-0.0007159063437208694,-0.0007159063437208694,4554.214852149575
2025-11-30 12:40:00,2025-11-30 12:45:00,2025-11-30 13:20:00,SHORT,91425.26129000001,91893.66070344117,0.14941069716178695,13662.644556448724,-64.50592390505571,10.93011564515898,5.46505782257949,0.11385537130373938,-81.01495274409793,-0.017789005432156793,8,40,stop_loss,ORNSTEIN_UHLENBECK,MEAN_REVERTING,0.44855842185128986,-0.0007159063437208694,-0.0007159063437208694,4473.199899405477
2025-12-01 01:45:00,2025-12-01 01:50:00,2025-12-01 03:30:00,SHORT,87332.53,86288.98885251075,0.15363021978496197,13419.599698216429,165.65416488973244,10.735679758573143,5.367839879286572,0.2935537433984844,149.25709150847422,0.0333669620998408,21,105,take_profit,MEAN_REVERSION,TRENDING,0.42857142857142855,0.00022454150646600952,0.00022454150646600952,4622.456990913951
2025-12-01 03:35:00,2025-12-01 03:40:00,2025-12-01 05:35:00,SHORT,86188.948762,85684.463466,0.16086282171549227,13867.370972741854,86.68254010960949,11.093896778193484,5.546948389096742,0.34668427431854637,69.69501066800072,0.01507748169533983,24,120,max_hold,MEAN_REVERSION,TRENDING,0.42857142857142855,0.00022454150646600952,0.00022454150646600952,4692.1520015819515
2025-12-01 05:40:00,2025-12-01 05:45:00,2025-12-01 07:40:00,SHORT,85733.339902,86482.753092,0.16415598330395376,14076.456004745854,-117.36660338282755,11.261164803796683,5.630582401898342,0.35191140011864636,-134.6102619886412,-0.028688384763165726,24,120,max_hold,MEAN_REVERSION,TRENDING,0.42857142857142855,0.00022454150646600952,0.00022454150646600952,4557.54173959331
2025-12-01 07:45:00,2025-12-01 07:50:00,2025-12-01 09:45:00,SHORT,86518.6928,86721.94092000001,0.15799927450748738,13672.62521877993,-26.63867768196284,10.938100175023944,5.469050087511972,0.34181563046949826,-43.38764357496825,-0.009519966256818073,24,120,max_hold,MEAN_REVERSION,TRENDING,0.4124223602484472,-0.0002565041544720882,-0.0002565041544720882,4514.154096018342
2025-12-01 09:50:00,2025-12-01 09:55:00,2025-12-01 11:50:00,SHORT,86692.658,86324.74149599999,0.1561810897019378,13542.462288055027,62.86601222682391,10.833969830444023,5.416984915222011,0.3385615572013757,46.27649592395651,0.010251421404682257,24,120,max_hold,MEAN_REVERSION,TRENDING,0.45963975983989325,-0.00046225649985731204,-0.00046225649985731204,4560.430591942299
2025-12-01 11:55:00,2025-12-01 12:00:00,2025-12-01 12:40:00,SHORT,86129.360682,85429.56315453866,0.15881408394490015,13681.291775826896,116.58690260049035,10.945033420661517,5.472516710330758,0.12826211039837715,100.0410903590997,0.021936764159037874,9,45,take_profit,MEAN_REVERSION,TRENDING,0.45963975983989325,-0.00046225649985731204,-0.00046225649985731204,4660.471682301399
2025-12-01 12:45:00,2025-12-01 12:50:00,2025-12-01 12:55:00,SHORT,84803.78585,85521.64927598689,0.16483484344224963,13981.415046904196,-112.71379665737268,11.185132037523358,5.592566018761679,0.02912794801438374,-129.5206226616721,-0.027791312015378065,2,10,stop_loss,MEAN_REVERSION,TRENDING,0.4124223602484472,-0.0002565041544720882,-0.0002565041544720882,4530.951059639727
2025-12-01 13:00:00,2025-12-01 13:05:00,2025-12-01 15:00:00,SHORT,85908.554852,85782.16300199999,0.1581930301550988,13592.85317891918,25.426365736830714,10.874282543135344,5.437141271567672,0.3398213294729795,8.77512059265472,0.001936706108088588,24,120,max_hold,MEAN_REVERSION,TRENDING,0.45963975983989325,-0.00046225649985731204,-0.00046225649985731204,4539.726180232381
2025-12-01 15:05:00,2025-12-01 15:10:00,2025-12-01 15:30:00,SHORT,85860.994366,84720.85208923575,0.15858720022442424,13619.178540697143,186.22239846612808,10.895342832557715,5.447671416278857,0.07093322156613095,169.8084509957254,0.0374049985074283,5,25,take_profit,MEAN_REVERSION,TRENDING,0.45963975983989325,-0.00046225649985731204,-0.00046225649985731204,4709.534631228106
2025-12-01 15:35:00,2025-12-01 15:40:00,2025-12-01 16:35:00,SHORT,84369.112802,85367.75885736068,0.16742831237370465,14128.603893684318,-161.5178785745055,11.302883114947456,5.651441557473728,0.176607548671054,-178.64881079559774,-0.037933431811077147,12,60,stop_loss,MEAN_REVERSION,TRENDING,0.4124223602484472,-0.0002565041544720882,-0.0002565041544720882,4530.885820432509
2025-12-01 16:40:00,2025-12-01 16:45:00,2025-12-01 18:40:00,SHORT,85124.9716,84808.878384,0.15964691293718172,13592.657461297527,55.88919128104918,10.874125969038023,5.437062984519011,0.3398164365324382,39.23818589095971,0.008660157736487413,24,120,max_hold,MEAN_REVERSION,TRENDING,0.45963975983989325,-0.00046225649985731204,-0.00046225649985731204,4570.124006323468
2025-12-01 18:45:00,2025-12-01 18:50:00,2025-12-01 20:45:00,SHORT,84785.269554,85423.0812,0.16167466373196088,13710.372018970404,-97.61431172144792,10.968297615176324,5.484148807588162,0.3427593004742601,-114.40951744468666,-0.02503422604865503,24,120,max_hold,MEAN_REVERSION,TRENDING,0.45963975983989325,-0.00046225649985731204,-0.00046225649985731204,4455.714488878782
2025-12-01 20:55:00,2025-12-01 21:00:00,2025-12-01 22:05:00,SHORT,85500.90639799999,86808.75930067331,0.15630793404379204,13367.143466636346,-199.04111963945937,10.693714773309077,5.346857386654539,0.19493750888844671,-215.2766293083114,-0.04831472704223532,14,70,stop_loss,VOL_EXPANSION,TRENDING,0.4449968924798011,-0.0006392571087568396,-0.0006392571087568396,4240.43785957047
2025-12-02 00:40:00,2025-12-02 00:45:00,2025-12-02 02:40:00,LONG,86364.41943,86746.19729000001,0.14732754443790458,12721.313578711412,61.3471895039457,10.17705086296913,5.088525431484565,0.3180328394677853,45.76358037002422,0.010792182761678244,24,120,max_hold,VOL_EXPANSION,HIGH_VOLATILITY,0.4755625627060341,-0.0007179208153524143,-0.0007179208153524143,4286.201439940494
2025-12-02 17:05:00,2025-12-02 17:10:00,2025-12-02 19:05:00,LONG,90865.409448,92101.576,0.14154094631627204,12858.604319821483,180.14765483349666,10.286883455857186,5.143441727928593,0.32146510799553707,164.39586454171533,0.03835467530989343,24,120,max_hold,VOL_EXPANSION,HIGH_VOLATILITY,0.4755625627060341,-0.0007179208153524143,-0.0007179208153524143,4450.597304482209
2025-12-02 19:10:00,2025-12-02 19:15:00,2025-12-02 20:35:00,LONG,92055.31738200001,90893.29504985047,0.14506997153040696,13351.791913446628,-163.266483173888,10.681433530757303,5.340716765378652,0.2364379818006174,-179.52507145182457,-0.040337298382629304,17,85,stop_loss,VOL_EXPANSION,HIGH_VOLATILITY,0.4755625627060341,-0.0007179208153524143,-0.0007179208153524143,4271.072233030385
2025-12-02 20:40:00,2025-12-02 20:45:00,2025-12-02 22:40:00,LONG,90961.628688,91789.628402,0.14089214900042438,12813.216699091156,121.80830741831763,10.250573359272925,5.125286679636463,0.3203304174772789,106.11211696193097,0.024844374239637465,24,120,max_hold,MOMENTUM,HIGH_VOLATILITY,0.5169974115616911,-0.00044468427386492085,-0.00044468427386492085,4377.184349992316
2025-12-02 22:50:00,2025-12-02 22:55:00,2025-12-03 00:50:00,LONG,91969.660254,91532.23989000001,0.14280991496884107,13131.553049976948,-57.226789126313996,10.50524243998156,5.25262121999078,0.32828882624942374,-73.31294161253577,-0.016748881415667233,24,120,max_hold,MEAN_REVERSION,TRENDING,0.42565597667638483,-0.0005421302006394861,-0.0005421302006394861,4303.87140837978
2025-12-03 00:55:00,2025-12-03 01:00:00,2025-12-03 02:10:00,LONG,91678.46202600001,92820.24633349689,0.14086401825023967,12911.614225139341,166.03417805474552,10.329291380111474,5.164645690055737,0.20174397226780222,150.3384970123105,0.034930991832050666,15,75,take_profit,MEAN_REVERSION,TRENDING,0.42565597667638483,-0.0005421302006394861,-0.0005421302006394861,4454.209905392091
2025-12-03 08:15:00,2025-12-03 08:20:00,2025-12-03 10:15:00,LONG,92857.907868,93191.34800200001,0.14393283834392054,13362.629716176274,53.34870653217435,10.69010377294102,5.34505188647051,0.3340657429044069,36.97948512985841,0.008302142448449163,24,120,max_hold,ORNSTEIN_UHLENBECK,NO_TRADE,0.40409434801958166,-0.0007234345070650343,-0.0007234345070650343,4491.1893905219495
2025-12-03 14:25:00,2025-12-03 14:30:00,2025-12-03 16:25:00,LONG,92558.578014,92249.99631,0.14559712534868244,13473.568171565848,-39.54709118721036,10.778854537252679,5.389427268626339,0.3368392042891462,-56.05221219737853,-0.012480482857318191,24,120,max_hold,MOMENTUM,HIGH_VOLATILITY,0.5089982481286829,-0.0006490732993168091,-0.0006490732993168091,4435.137178324571
2025-12-03 16:30:00,2025-12-03 16:35:00,2025-12-03 18:30:00,SHORT,92487.668766,93111.47857199999,0.1438326928352316,13305.411534973715,-84.3852025595038,10.644329227978972,5.322164613989486,0.33263528837434286,-100.6843316898466,-0.0227015146638331,24,120,max_hold,ORNSTEIN_UHLENBECK,HIGH_VOLATILITY,0.4580941446613088,-0.0007092644495444132,-0.0007092644495444132,4334.452846634725
2025-12-03 18:35:00,2025-12-03 18:40:00,2025-12-03 20:35:00,LONG,93136.43356199999,93058.914494,0.13964416194822638,13003.358539904173,-5.6248668432747095,10.402686831923338,5.201343415961669,0.3250839634976043,-21.553981054657324,-0.0049727109319903815,24,120,max_hold,ORNSTEIN_UHLENBECK,HIGH_VOLATILITY,0.4813863928112965,-8.836613168161295e-05,-8.836613168161295e-05,4312.898865580068
2025-12-03 20:40:00,2025-12-03 20:45:00,2025-12-03 22:40:00,LONG,93203.27692799999,93562.143828,0.1388501001532034,12938.696596740203,55.01518668270259,10.350957277392164,5.175478638696082,0.3234674149185051,39.16528335169584,0.009080964931559615,24,120,max_hold,ORNSTEIN_UHLENBECK,HIGH_VOLATILITY,0.4813863928112965,-8.836613168161295e-05,-8.836613168161295e-05,4352.064148931763
2025-12-03 23:05:00,2025-12-03 23:10:00,2025-12-04 00:25:00,SHORT,94014.883262,92782.0012454913,0.13884590136572636,13056.192446795289,176.36781827480976,10.444953957436232,5.222476978718116,0.21760320744658815,160.48278413120883,0.0368750961932857,16,80,take_profit,ORNSTEIN_UHLENBECK,MEAN_REVERTING,0.44855842185128986,-0.0007159063437208694,-0.0007159063437208694,4512.546933062972
2025-12-04 02:15:00,2025-12-04 02:20:00,2025-12-04 04:15:00,SHORT,93893.42755800001,93460.468356,0.14415208415592515,13537.640799188917,67.81346494947319,10.830112639351134,5.415056319675567,0.3384410199797229,51.22985497046676,0.011352758371355836,24,120,max_hold,ORNSTEIN_UHLENBECK,MEAN_REVERTING,0.44855842185128986,-0.0007159063437208694,-0.0007159063437208694,4563.776788033439
2025-12-04 19:10:00,2025-12-04 19:15:00,2025-12-04 21:10:00,LONG,91307.587866,92427.880726,0.14997733430730967,13691.330364100315,173.52977488692989,10.953064291280253,5.476532145640126,0.3422832591025079,156.757895190907,0.034348282677176024,24,120,max_hold,MOMENTUM,HIGH_VOLATILITY,0.5169974115616911,-0.00044468427386492085,-0.00044468427386492085,4720.534683224346
2025-12-04 21:25:00,2025-12-04 21:30:00,2025-12-04 23:25:00,LONG,92318.45999999999,92199.096492,0.15343016305171223,14161.604049673038,-12.651851245244446,11.329283239738432,5.664641619869216,0.354040101241826,-29.999816206093918,-0.006355173347779036,24,120,max_hold,VOL_EXPANSION,HIGH_VOLATILITY,0.4755625627060341,-0.0007179208153524143,-0.0007179208153524143,4690.534867018252
2025-12-05 17:15:00,2025-12-05 17:20:00,2025-12-05 19:15:00,LONG,88878.302106,89291.43814,0.1583560732875975,14071.604601054756,71.06545500927665,11.257283680843805,5.628641840421903,0.3517901150263689,53.827739372984574,0.011475821180112575,24,120,max_hold,MOMENTUM,HIGH_VOLATILITY,0.5089982481286829,-0.0006490732993168091,-0.0006490732993168091,4744.362606391237
2025-12-05 19:25:00,2025-12-05 19:30:00,2025-12-05 21:25:00,SHORT,89408.944634,89437.25387399999,0.15915903335915754,14233.08781917371,1.1873263888604872,11.386470255338969,5.693235127669484,0.3558271954793428,-16.248206189627307,-0.003424739535662596,24,120,max_hold,MEAN_REVERSION,TRENDING,0.42857142857142855,0.00022454150646600952,0.00022454150646600952,4728.11440020161
2025-12-05 21:45:00,2025-12-05 21:50:00,2025-12-05 23:45:00,LONG,89168.53013999999,89289.95843600002,0.1591052364210806,14184.34320060483,24.998614746481845,11.347474560483864,5.673737280241932,0.35460858001512074,7.622794325740928,0.0016122271333823665,24,120,max_hold,VOL_EXPANSION,HIGH_VOLATILITY,0.4755625627060341,-0.0007179208153524143,-0.0007179208153524143,4735.737194527351
2025-12-06 13:40:00,2025-12-06 13:45:00,2025-12-06 14:15:00,SHORT,89765.19337,90076.1042723862,0.15823917498530685,14207.211583582051,-43.506698714354705,11.365769266865641,5.6828846334328205,0.1035942511302858,-60.658946865783456,-0.012808765430624262,7,35,stop_loss,MOMENTUM,TRENDING,0.4597568037058483,-0.0006756929812810691,-0.0006756929812810691,4675.078247661568
2025-12-06 14:20:00,2025-12-06 14:25:00,2025-12-06 16:20:00,SHORT,89912.76385,89922.890982,0.15595594102111573,14025.234742984703,4.029901515984716,11.220187794387764,5.610093897193882,0.3506308685746176,-13.151011044171547,-0.002813003408178155,24,120,max_hold,MOMENTUM,TRENDING,0.4597568037058483,-0.0006756929812810691,-0.0006756929812810691,4661.927236617396
2025-12-07 18:30:00,2025-12-07 18:35:00,2025-12-07 20:30:00,LONG,91626.431622,91346.966952,0.1526696895051343,13985.781709852188,-37.07888749011071,11.188625367881752,5.594312683940876,0.34964454274630474,-54.21147008467964,-0.01162855345722093,24,120,max_hold,MEAN_REVERSION,TRENDING,0.4500970873786408,-0.00044867865494584185,-0.00044867865494584185,4607.715766532717
2025-12-07 20:35:00,2025-12-07 20:40:00,2025-12-07 21:45:00,LONG,91433.71308599999,90334.71669503947,0.15121240801031238,13823.14729959815,-160.68476870568537,11.05851783967852,5.52925891983926,0.20158756478580633,-177.47413302998896,-0.038516727598312206,14,70,stop_loss,MEAN_REVERSION,TRENDING,0.4500970873786408,-0.00044867865494584185,-0.00044867865494584185,4430.241633502727
2025-12-08 00:05:00,2025-12-08 00:10:00,2025-12-08 01:25:00,SHORT,90181.96,91229.10065829042,0.14734728271073375,13290.724900508183,-148.94725120457767,10.632579920406547,5.316289960203274,0.2215120816751364,-165.11763316686265,-0.037270570507530985,16,80,stop_loss,MOMENTUM,TRENDING,0.4597568037058483,-0.0006756929812810691,-0.0006756929812810691,4265.124000335864
2025-12-09 01:35:00,2025-12-09 01:40:00,2025-12-09 03:35:00,SHORT,90195.717248,90368.610108,0.14183392867127578,12795.372001007592,-19.400044763655934,10.236297600806074,5.118148800403037,0.3198843000251898,-35.07437546489023,-0.008223530069026888,24,120,max_hold,ORNSTEIN_UHLENBECK,NO_TRADE,0.39391979301423025,-0.0004640027989382437,-0.0004640027989382437,4230.049624870974
2025-12-09 05:40:00,2025-12-09 05:45:00,2025-12-09 07:40:00,SHORT,90085.799236,90494.5953,0.1408391883342229,12690.148874612922,-52.48794870839673,10.152119099690339,5.076059549845169,0.3172537218653231,-68.03338107979756,-0.016083352942194557,24,120,max_hold,ORNSTEIN_UHLENBECK,NO_TRADE,0.3866584311303274,-0.000526924037242394,-0.000526924037242394,4162.016243791177
2025-12-09 07:45:00,2025-12-09 07:50:00,2025-12-09 09:45:00,SHORT,90472.48188400001,90207.747942,0.137981751596393,12486.04873137353,41.514569602806084,9.988838985098825,4.9944194925494125,0.3121512182843383,26.21915990687351,0.006299629403413981,24,120,max_hold,ORNSTEIN_UHLENBECK,NO_TRADE,0.43406985032074125,-0.0006153701161473847,-0.0006153701161473847,4188.2354036980505
2025-12-09 10:05:00,2025-12-09 10:10:00,2025-12-09 12:05:00,SHORT,90050.23635,90419.040192,0.13950205772949015,12564.706211094152,-46.41372962718031,10.051764968875322,5.025882484437661,0.3141176552773538,-61.80549473577065,-0.014756929536768344,24,120,max_hold,ORNSTEIN_UHLENBECK,NO_TRADE,0.3866584311303274,-0.000526924037242394,-0.000526924037242394,4126.42990896228
2025-12-10 20:05:00,2025-12-10 20:10:00,2025-12-10 20:50:00,LONG,93589.234104,92405.58657332229,0.13229903741997842,12379.28972688684,-151.67404787201602,9.903431781509472,4.951715890754736,0.11605584118956414,-166.6452513854698,-0.04038484963079816,9,45,stop_loss,ORNSTEIN_UHLENBECK,HIGH_VOLATILITY,0.4657142857142857,0.00022716150596862372,0.00022716150596862372,3959.7846575768103
2025-12-11 00:15:00,2025-12-11 00:20:00,2025-12-11 02:05:00,LONG,91898.696064,90392.29094109213,0.12929160426008998,11879.35397273043,-190.0518037780418,9.503483178184345,4.751741589092172,0.2722351952084057,-204.57926374052673,-0.051664239707852944,22,110,stop_loss,VOL_EXPANSION,HIGH_VOLATILITY,0.4755625627060341,-0.0007179208153524143,-0.0007179208153524143,3755.2053938362837
2025-12-12 02:15:00,2025-12-12 02:20:00,2025-12-12 04:15:00,LONG,92296.02551400001,92157.224868,0.12208401436566708,11265.61618150885,-12.441581904005398,9.01249294520708,4.50624647260354,0.28164040453772127,-26.24196172635374,-0.006988156165685837,24,120,max_hold,VOL_EXPANSION,HIGH_VOLATILITY,0.4755625627060341,-0.0007179208153524143,-0.0007179208153524143,3728.96343210993
2025-12-12 16:30:00,2025-12-12 16:35:00,2025-12-12 18:30:00,SHORT,89919.532496,90561.39865799999,0.12438513199307465,11186.890296329791,-75.34878140744355,8.949512237063834,4.474756118531917,0.2796722574082448,-89.05272202044755,-0.023881361038195954,24,120,max_hold,MEAN_REVERSION,TRENDING,0.42857142857142855,0.00022454150646600952,0.00022454150646600952,3639.9107100894826
2025-12-13 05:40:00,2025-12-13 05:45:00,2025-12-13 07:40:00,SHORT,90256.635062,90372.140814,0.12096117007179362,10919.732130268447,-9.60189768030058,8.735785704214758,4.367892852107379,0.2729933032567112,-22.978569539879427,-0.006312948687500779,24,120,max_hold,MEAN_REVERSION,TRENDING,0.45963975983989325,-0.00046225649985731204,-0.00046225649985731204,3616.932140549603
2025-12-13 10:35:00,2025-12-13 10:40:00,2025-12-13 11:40:00,SHORT,90590.748226,90370.32400623742,0.11975424063503727,10850.796421648809,30.730907442409023,8.680637137319048,4.340318568659524,0.14693786820982763,17.563013868220622,0.004855776438634504,13,65,take_profit,MOMENTUM,TRENDING,0.4597568037058483,-0.0006756929812810691,-0.0006756929812810691,3634.4951544178234
2025-12-13 14:25:00,2025-12-13 14:30:00,2025-12-13 14:35:00,SHORT,89943.137774,90237.39218902632,0.12120218435732709,10903.48546325347,-31.29662434780448,8.722788370602776,4.361394185301388,0.022715594715111396,-44.403522498423754,-0.012217246305707717,2,10,stop_loss,MEAN_REVERSION,TRENDING,0.45963975983989325,-0.00046225649985731204,-0.00046225649985731204,3590.0916319194
2025-12-13 14:55:00,2025-12-13 15:00:00,2025-12-13 16:55:00,SHORT,90061.69405800001,90105.297456,0.11956382736754147,10770.274895758199,-0.9050981731715675,8.616219916606559,4.308109958303279,0.26925687239395496,-14.098684920475362,-0.003927110047867405,24,120,max_hold,MEAN_REVERSION,TRENDING,0.45963975983989325,-0.00046225649985731204,-0.00046225649985731204,3575.9929469989243
2025-12-15 16:30:00,2025-12-15 16:35:00,2025-12-15 18:25:00,LONG,86608.3182,85557.61353593855,0.12389253895897695,10727.978840996773,-125.90845868194862,8.58238307279742,4.29119153639871,0.2570244930655477,-139.0390577842103,-0.038881244970266474,23,115,stop_loss,MOMENTUM,HIGH_VOLATILITY,0.5169974115616911,-0.00044468427386492085,-0.00044468427386492085,3436.953889214714
2025-12-16 00:00:00,2025-12-16 00:05:00,2025-12-16 02:00:00,SHORT,86437.728996,85924.951554,0.11926272954010236,10310.861667644142,65.26652874082066,8.248689334115314,4.124344667057657,0.25777154169110356,52.63572319795659,0.015314643400695424,24,120,max_hold,MEAN_REVERSION,TRENDING,0.45963975983989325,-0.00046225649985731204,-0.00046225649985731204,3489.5896124126702
2025-12-16 02:20:00,2025-12-16 02:25:00,2025-12-16 04:20:00,SHORT,85958.24491200001,85704.917556,0.12176464391735606,10468.76883723801,35.02681746926654,8.37501506979041,4.187507534895205,0.2617192209309503,22.20257564364998,0.006362517691098731,24,120,max_hold,MEAN_REVERSION,TRENDING,0.45963975983989325,-0.00046225649985731204,-0.00046225649985731204,3511.7921880563204
2025-12-16 11:20:00,2025-12-16 11:25:00,2025-12-16 13:20:00,SHORT,87081.050306,87399.81646799999,0.12095937579809336,10535.37656416896,-34.33673800780508,8.428301251335169,4.2141506256675845,0.26338441410422403,-47.24257429891206,-0.01345255407184544,24,120,max_hold,MOMENTUM,TRENDING,0.4597568037058483,-0.0006756929812810691,-0.0006756929812810691,3464.549613757408
2025-12-16 14:45:00,2025-12-16 14:50:00,2025-12-16 16:45:00,LONG,87240.164544,87561.68416,0.11916217289798145,10393.648841272225,42.478931394671,8.31491907301778,4.15745953650889,0.2598412210318056,29.746711564112523,0.008586025567649851,24,120,max_hold,MEAN_REVERSION,TRENDING,0.42565597667638483,-0.0005421302006394861,-0.0005421302006394861,3494.2963253215207
2025-12-17 17:00:00,2025-12-17 17:05:00,2025-12-17 19:00:00,SHORT,86600.27648000001,85609.698516,0.12102492999072431,10482.888975964563,124.05297373909248,8.386311180771651,4.1931555903858255,0.2620722243991141,111.21143474353588,0.031826560883700374,24,120,max_hold,MEAN_REVERSION,TRENDING,0.45963975983989325,-0.00046225649985731204,-0.00046225649985731204,3605.5077600650566
2025-12-17 19:05:00,2025-12-17 19:10:00,2025-12-17 21:05:00,SHORT,85358.634858,85979.852532,0.1266932161406935,10816.52328019517,-74.36258321377855,8.653218624156136,4.326609312078068,0.27041308200487923,-87.61282423201763,-0.024299718669981943,24,120,max_hold,MEAN_REVERSION,TRENDING,0.42857142857142855,0.00022454150646600952,0.00022454150646600952,3517.8949358330387
2025-12-17 23:00:00,2025-12-17 23:05:00,2025-12-18 01:00:00,LONG,86198.866326,86051.566244,0.12245863541336031,10553.684807499116,-13.81945700639853,8.442947845999292,4.221473922999646,0.2638421201874779,-26.747720895584944,-0.007603331362495928,24,120,max_hold,VOL_EXPANSION,HIGH_VOLATILITY,0.4755625627060341,-0.0007179208153524143,-0.0007179208153524143,3491.147214937454
2025-12-18 04:20:00,2025-12-18 04:25:00,2025-12-18 06:20:00,SHORT,86877.640996,86483.953332,0.12052982604540931,10473.441644812363,51.63015628481191,8.37875331584989,4.189376657924945,0.26183604112030906,38.80019026991676,0.011113879730967429,24,120,max_hold,MOMENTUM,TRENDING,0.4597568037058483,-0.0006756929812810691,-0.0006756929812810691,3529.9474052073706
2025-12-18 08:30:00,2025-12-18 08:35:00,2025-12-18 10:30:00,SHORT,87022.55200800001,87409.308366,0.12166644166222171,10589.842215622111,-42.81077082768566,8.47187377249769,4.235936886248845,0.2647460553905528,-55.78332754182274,-0.015802877816120234,24,120,max_hold,MOMENTUM,TRENDING,0.4597568037058483,-0.0006756929812810691,-0.0006756929812810691,3474.1640776655477
2025-12-18 14:05:00,2025-12-18 14:10:00,2025-12-18 14:10:00,LONG,88867.77,88127.67001068733,0.11730435827795883,10422.492232996643,-82.66449031271146,8.337993786397314,4.168996893198657,0.010856762742704838,-95.18233775505014,-0.027397191274572033,1,5,stop_loss,MEAN_REVERSION,TRENDING,0.4500970873786408,-0.00044867865494584185,-0.00044867865494584185,3378.9817399104977
2025-12-19 00:40:00,2025-12-19 00:45:00,2025-12-19 02:40:00,LONG,85317.39006599999,85586.149346,0.11883828843020294,10136.945219731493,36.000871097045895,8.109556175785196,4.054778087892598,0.25342363049328737,23.583113202874816,0.006979355030045082,24,120,max_hold,VOL_EXPANSION,HIGH_VOLATILITY,0.4755625627060341,-0.0007179208153524143,-0.0007179208153524143,3402.5648531133725
2025-12-19 03:25:00,2025-12-19 03:30:00,2025-12-19 05:25:00,LONG,87163.469208,86747.587012,0.11713320030766881,10207.694559340118,-44.639462637251455,8.166155647472095,4.083077823736048,0.255192363983503,-57.1438884724431,-0.01679435688643995,24,120,max_hold,MEAN_REVERSION,HIGH_VOLATILITY,0.4639981596503336,-0.0005607429538077292,-0.0005607429538077292,3345.4209646409295
2025-12-19 17:05:00,2025-12-19 17:10:00,2025-12-19 17:30:00,LONG,88235.253522,87221.78730743838,0.11376711400278004,10036.262893922789,-111.30688258894537,8.029010315138231,4.014505157569116,0.052272202572514526,-123.40267026422524,-0.036887038004638766,5,25,stop_loss,ORNSTEIN_UHLENBECK,NO_TRADE,0.40409434801958166,-0.0007234345070650343,-0.0007234345070650343,3222.018294376704
2025-12-20 23:50:00,2025-12-20 23:55:00,2025-12-21 01:35:00,SHORT,88382.31000200001,88181.18734293393,0.1093445246218932,9666.054883130113,25.852912916939033,7.73284390650409,3.866421953252045,0.2114449505684712,14.042202106614427,0.004358200613299397,21,105,take_profit,ORNSTEIN_UHLENBECK,MEAN_REVERTING,0.44855842185128986,-0.0007159063437208694,-0.0007159063437208694,3236.0604964833183
2025-12-21 08:35:00,2025-12-21 08:40:00,2025-12-21 08:40:00,SHORT,88373.011862,88643.5996106484,0.10983262478718013,9708.181489449955,-25.830923888749048,7.766545191559964,3.883272595779982,0.01011268905151037,-37.49085436514051,-0.011585337914999567,1,5,stop_loss,ORNSTEIN_UHLENBECK,MEAN_REVERTING,0.44855842185128986,-0.0007159063437208694,-0.0007159063437208694,3198.569642118178
2025-12-21 08:45:00,2025-12-21 08:50:00,2025-12-21 09:30:00,SHORT,88511.154228,88820.68998729593,0.10839074315827102,9595.708926354533,-29.70658609638478,7.676567141083627,3.8382835705418135,0.08995977118457375,-41.31139657919479,-0.012915584527288044,9,45,stop_loss,ORNSTEIN_UHLENBECK,MEAN_REVERTING,0.44855842185128986,-0.0007159063437208694,-0.0007159063437208694,3157.258245538983
2025-12-21 13:15:00,2025-12-21 13:20:00,2025-12-21 13:45:00,SHORT,88255.30540800001,87719.05434491699,0.10730097570781527,9471.77473661695,61.31670884603886,7.57741978929356,3.78870989464678,0.05919859210385594,49.891380569994666,0.015802122186390107,6,30,take_profit,ORNSTEIN_UHLENBECK,NO_TRADE,0.43406985032074125,-0.0006153701161473847,-0.0006153701161473847,3207.1496261089774
2025-12-21 14:35:00,2025-12-21 14:40:00,2025-12-21 16:35:00,SHORT,87953.55576999999,88217.800032,0.10937050246958159,9621.448878326932,-25.04693877056087,7.697159102661546,3.848579551330773,0.2405362219581733,-36.83321364651136,-0.011484719436429496,24,120,max_hold,ORNSTEIN_UHLENBECK,NO_TRADE,0.39391979301423025,-0.0004640027989382437,-0.0004640027989382437,3170.316412462466
2025-12-21 16:40:00,2025-12-21 16:45:00,2025-12-21 18:40:00,SHORT,88171.152242,88296.185706,0.10784759874114838,9510.949237387398,-9.67824351103222,7.608759389909919,3.8043796949549593,0.23777373093468496,-21.329156326831782,-0.006727768951700591,24,120,max_hold,ORNSTEIN_UHLENBECK,NO_TRADE,0.43406985032074125,-0.0006153701161473847,-0.0006153701161473847,3148.987256135634
2025-12-21 19:30:00,2025-12-21 19:35:00,2025-12-21 21:30:00,SHORT,88243.527764,88381.85283599999,0.10703416573862827,9446.961768406902,-11.024519071077936,7.5575694147255215,3.7787847073627607,0.23617404421017255,-22.59704723737639,-0.0071759729079078505,24,120,max_hold,ORNSTEIN_UHLENBECK,NO_TRADE,0.43406985032074125,-0.0006153701161473847,-0.0006153701161473847,3126.3902088982577
2025-12-22 00:05:00,2025-12-22 00:10:00,2025-12-22 00:15:00,LONG,88957.777998,89512.0321252784,0.10545504476326985,9379.170626694773,62.213004653979326,7.503336501355819,3.7516682506779095,0.01953993880561411,50.938459963139984,0.0162930589464361,2,10,take_profit,ORNSTEIN_UHLENBECK,NO_TRADE,0.42024720423778694,-0.00013360762953308042,-0.00013360762953308042,3177.3286688613975
2025-12-22 01:40:00,2025-12-22 01:45:00,2025-12-22 02:05:00,SHORT,89064.043628,88187.6828700642,0.10700254806740893,9531.986006584193,97.56611530498822,7.625588805267355,3.8127944026336773,0.049645760450959336,86.07808633663623,0.027091338450511163,5,25,take_profit,ORNSTEIN_UHLENBECK,MEAN_REVERTING,0.44855842185128986,-0.0007159063437208694,-0.0007159063437208694,3263.406755198034
2025-12-23 01:35:00,2025-12-23 01:40:00,2025-12-23 03:35:00,SHORT,88438.648732,88305.217512,0.11067855922587462,9790.220265594102,18.68032722614341,7.832176212475282,3.916088106237641,0.24475550663985257,6.687307400790636,0.002049179860934874,24,120,max_hold,ORNSTEIN_UHLENBECK,NO_TRADE,0.3866584311303274,-0.000526924037242394,-0.000526924037242394,3270.0940625988246
2025-12-23 08:20:00,2025-12-23 08:25:00,2025-12-23 10:20:00,SHORT,87569.402616,87605.537604,0.11200624691216993,9810.282187796474,-0.12320687160418198,7.84822575023718,3.92411287511859,0.24525705469491188,-12.140802551654865,-0.0037126768585996786,24,120,max_hold,ORNSTEIN_UHLENBECK,NO_TRADE,0.39391979301423025,-0.0004640027989382437,-0.0004640027989382437,3257.95326004717
2025-12-23 15:10:00,2025-12-23 15:15:00,2025-12-23 16:00:00,LONG,86981.74287,87666.14789055014,0.11238926962762912,9773.859780141509,80.84549339984952,7.819087824113208,3.909543912056604,0.10181103937647405,69.01505062430323,0.021183560694576695,10,50,take_profit,ORNSTEIN_UHLENBECK,NO_TRADE,0.48284734133790735,-0.0005706037793934026,-0.0005706037793934026,3326.968310671473
2025-12-23 16:45:00,2025-12-23 16:50:00,2025-12-23 18:45:00,SHORT,87905.855312,88031.09269800001,0.11351813500489083,9980.904932014419,-10.2223080571907,7.9847239456115355,3.9923619728057678,0.24952262330036049,-22.448916598908365,-0.006747559490393091,24,120,max_hold,ORNSTEIN_UHLENBECK,NO_TRADE,0.43406985032074125,-0.0006153701161473847,-0.0006153701161473847,3304.5193940725644
2025-12-23 18:50:00,2025-12-23 18:55:00,2025-12-23 20:50:00,SHORT,87916.353212,87902.14691400001,0.11273870114562924,9913.558182217694,5.56590967555932,7.9308465457741555,3.9654232728870777,0.24783895455544236,-6.578199097657356,-0.0019906674203386153,24,120,max_hold,ORNSTEIN_UHLENBECK,NO_TRADE,0.43406985032074125,-0.0006153701161473847,-0.0006153701161473847,3297.941194974907
2025-12-24 21:30:00,2025-12-24 21:35:00,2025-12-24 23:30:00,SHORT,87714.393612,87703.257144,0.11277333642598945,9893.823584924721,5.212383609609047,7.915058867939777,3.9575294339698885,0.24734558962311803,-6.907550281923736,-0.002094503774794048,24,120,max_hold,ORNSTEIN_UHLENBECK,MEAN_REVERTING,0.44855842185128986,-0.0007159063437208694,-0.0007159063437208694,3291.033644692983
2025-12-25 02:40:00,2025-12-25 02:45:00,2025-12-25 04:40:00,SHORT,87885.999284,87800.65662000001,0.11231739292164153,9873.10093407895,13.531999499198427,7.89848074726316,3.94924037363158,0.24682752335197375,1.4374508549517138,0.00043677792758810036,24,120,max_hold,ORNSTEIN_UHLENBECK,MEAN_REVERTING,0.44855842185128986,-0.0007159063437208694,-0.0007159063437208694,3292.471095547935
2025-12-25 15:25:00,2025-12-25 15:30:00,2025-12-25 15:40:00,SHORT,88059.53456999999,88448.78932332875,0.1121450147585816,9877.413286643805,-39.69407592705751,7.901930629315045,3.9509653146575223,0.030866916520761893,-51.577838787550846,-0.015665388485048257,3,15,stop_loss,ORNSTEIN_UHLENBECK,MEAN_REVERTING,0.44855842185128986,-0.0007159063437208694,-0.0007159063437208694,3240.8932567603842
2025-12-25 15:45:00,2025-12-25 15:50:00,2025-12-25 17:45:00,SHORT,88385.31940000001,88180.462566,0.10998133287649914,9722.679770281153,26.414216716948108,7.778143816224922,3.889071908112461,0.24306699425702882,14.503933998353695,0.004475289017340828,24,120,max_hold,ORNSTEIN_UHLENBECK,MEAN_REVERTING,0.44855842185128986,-0.0007159063437208694,-0.0007159063437208694,3255.397190758738
2025-12-26 03:15:00,2025-12-26 03:20:00,2025-12-26 05:15:00,LONG,88864.79940599999,88829.070632,0.10992141855812415,9766.191572276213,-0.02088506952677483,7.812953257820971,3.9064766289104855,0.24415478930690535,-11.984469745565137,-0.003681415521149328,24,120,max_hold,MEAN_REVERSION,TRENDING,0.4500970873786408,-0.00044867865494584185,-0.00044867865494584185,3243.412721013173
2025-12-26 05:20:00,2025-12-26 05:25:00,2025-12-26 07:20:00,LONG,88915.32951,89456.90504,0.10945451435995163,9730.238163039518,63.18261841428298,7.784190530431615,3.8920952652158074,0.24325595407598796,51.26307666455956,0.015805289389302906,24,120,max_hold,MEAN_REVERSION,TRENDING,0.4500970873786408,-0.00044867865494584185,-0.00044867865494584185,3294.6757976777326
2025-12-26 07:25:00,2025-12-26 07:30:00,2025-12-26 07:45:00,LONG,89440.06443599999,88654.57219624177,0.11053216766839276,9884.027393033197,-82.88512601516712,7.907221914426558,3.953610957213279,0.041183447470971656,-94.78714233427793,-0.028769793495641995,4,20,stop_loss,MEAN_REVERSION,TRENDING,0.4500970873786408,-0.00044867865494584185,-0.00044867865494584185,3199.8886553434545
2025-12-26 08:00:00,2025-12-26 08:05:00,2025-12-26 10:00:00,SHORT,88672.791894,88828.892226,0.1082377787801061,9599.665966030363,-13.05347612088161,7.679732772824291,3.8398663864121456,0.2399916491507591,-24.813066929268807,-0.007754353229708094,24,120,max_hold,VOL_EXPANSION,TRENDING,0.4449968924798011,-0.0006392571087568396,-0.0006392571087568396,3175.075588414186
2025-12-26 10:25:00,2025-12-26 10:30:00,2025-12-26 12:25:00,SHORT,88803.16581399999,88720.04046,0.10724079071501007,9525.226765242558,12.721975002520606,7.6201814121940465,3.8100907060970233,0.23813066913106395,1.0535722150984728,0.00033182586863221325,24,120,max_hold,VOL_EXPANSION,TRENDING,0.4449968924798011,-0.0006392571087568396,-0.0006392571087568396,3176.1291606292843
2025-12-26 13:35:00,2025-12-26 13:40:00,2025-12-26 14:40:00,SHORT,88935.989244,88377.42438817096,0.10711616169529675,9528.387481887854,63.629952416566226,7.622709985510284,3.811354992755142,0.1290302471505647,52.066857191150234,0.016393180049653355,13,65,take_profit,VOL_EXPANSION,TRENDING,0.4449968924798011,-0.0006392571087568396,-0.0006392571087568396,3228.1960178204345
2025-12-26 15:50:00,2025-12-26 15:55:00,2025-12-26 17:50:00,SHORT,87009.47462400001,87339.974502,0.11128272153915321,9684.588053461302,-32.898510968618275,7.747670442769042,3.873835221384521,0.24211470133653257,-44.762131334108375,-0.013865989266763983,24,120,max_hold,MEAN_REVERSION,TRENDING,0.42857142857142855,0.00022454150646600952,0.00022454150646600952,3183.433886486326
2025-12-26 17:55:00,2025-12-26 18:00:00,2025-12-26 19:55:00,SHORT,87314.443618,87519.330366,0.10935638141269301,9550.301659458979,-18.581836329644453,7.640241327567184,3.820120663783592,0.2387575414864745,-30.2809558624817,-0.00951204169529775,24,120,max_hold,MEAN_REVERSION,TRENDING,0.4124223602484472,-0.0002565041544720882,-0.0002565041544720882,3153.1529306238444
2025-12-27 00:00:00,2025-12-27 00:05:00,2025-12-27 02:00:00,SHORT,87326.60118600001,87411.81886799999,0.10830109922598675,9459.458791871533,-5.444296258089102,7.567567033497227,3.7837835167486134,0.23648646979678833,-17.03213327813173,-0.005401619792276285,24,120,max_hold,MEAN_REVERSION,TRENDING,0.45963975983989325,-0.00046225649985731204,-0.00046225649985731204,3136.1207973457126
2025-12-27 02:05:00,2025-12-27 02:10:00,2025-12-27 04:05:00,SHORT,87446.27724600001,87499.216344,0.10756868120408183,9408.362392037137,-1.9308578276121895,7.52668991362971,3.763344956814855,0.23520905980092843,-13.456101757857683,-0.004290683499578967,24,120,max_hold,MEAN_REVERSION,TRENDING,0.45963975983989325,-0.00046225649985731204,-0.00046225649985731204,3122.664695587855
2025-12-27 07:20:00,2025-12-27 07:25:00,2025-12-27 09:20:00,SHORT,87684.4596,87612.76905,0.10681619674310239,9367.994086763565,11.40262900232589,7.494395269410853,3.7471976347054263,0.23419985216908915,-0.0731637539594783,-2.342991037841958e-05,24,120,max_hold,VOL_EXPANSION,TRENDING,0.4449968924798011,-0.0006392571087568396,-0.0006392571087568396,3122.5915318338957
2025-12-27 10:15:00,2025-12-27 10:20:00,2025-12-27 12:15:00,SHORT,87607.22505000001,87477.321966,0.10690786102672689,9367.774595501687,17.631244440527144,7.49421967640135,3.747109838200675,0.2341943648875422,6.155720561037577,0.001971349918259186,24,120,max_hold,VOL_EXPANSION,TRENDING,0.4449968924798011,-0.0006392571087568396,-0.0006392571087568396,3128.747252394933
2025-12-27 13:35:00,2025-12-27 13:40:00,2025-12-27 15:35:00,SHORT,87439.268648,87594.225342,0.10732437100556665,9386.2417571848,-12.873558302119443,7.50899340574784,3.75449670287392,0.23465604392962,-24.37170445467082,-0.00778960474867864,24,120,max_hold,VOL_EXPANSION,TRENDING,0.4449968924798011,-0.0006392571087568396,-0.0006392571087568396,3104.3755479402625
2025-12-27 22:20:00,2025-12-27 22:25:00,2025-12-27 23:45:00,SHORT,87716.91310800001,87936.18878660219,0.10615129612492956,9313.126643820788,-19.547237387289005,7.450501315056631,3.7252506575283153,0.16491995098432646,-30.887909310858277,-0.009949797901014988,17,85,stop_loss,ORNSTEIN_UHLENBECK,MEAN_REVERTING,0.44855842185128986,-0.0007159063437208694,-0.0007159063437208694,3073.4876386294045
2025-12-27 23:50:00,2025-12-27 23:55:00,2025-12-28 01:50:00,SHORT,87855.105464,87805.45757999999,0.10492980202593358,9220.462915888213,8.895948615758684,7.376370332710571,3.6881851663552854,0.23051157289720534,-2.3991184562043775,-0.0007805850350757369,24,120,max_hold,ORNSTEIN_UHLENBECK,MEAN_REVERTING,0.44855842185128986,-0.0007159063437208694,-0.0007159063437208694,3071.0885201732003
2025-12-28 01:55:00,2025-12-28 02:00:00,2025-12-28 03:55:00,SHORT,87768.41280600001,87757.55800199999,0.10495145819451106,9213.265560519601,4.823569018620359,7.370612448415682,3.685306224207841,0.23033163901299006,-6.4626812930161535,-0.00210436177614694,24,120,max_hold,ORNSTEIN_UHLENBECK,MEAN_REVERTING,0.44855842185128986,-0.0007159063437208694,-0.0007159063437208694,3064.6258388801843
2025-12-29 04:40:00,2025-12-29 04:45:00,2025-12-29 06:40:00,LONG,90242.624916,89892.357932,0.10189992036139768,9193.877516640554,-32.02103097436647,7.355102013312443,3.6775510066562216,0.22984693791601385,-43.28353093225115,-0.014123593941917222,24,120,max_hold,MEAN_REVERSION,TRENDING,0.4500970873786408,-0.00044867865494584185,-0.00044867865494584185,3021.342307947933
2025-12-29 07:00:00,2025-12-29 07:05:00,2025-12-29 09:00:00,LONG,89717.28987000001,89573.12179199999,0.10104896996292391,9064.0269238438,-10.944613936685368,7.25122153907504,3.62561076953752,0.226600673096095,-22.04804691839402,-0.007297434276279951,24,120,max_hold,MEAN_REVERSION,TRENDING,0.42565597667638483,-0.0005421302006394861,-0.0005421302006394861,2999.294261029539
2025-12-29 11:35:00,2025-12-29 11:40:00,2025-12-29 12:15:00,SHORT,87621.052284,86832.12997850926,0.10267033974179655,8997.882783088617,84.58115801624807,7.198306226470893,3.5991531132354466,0.07498235652573848,73.708716320016,0.02457535336820026,8,40,take_profit,MEAN_REVERSION,TRENDING,0.45963975983989325,-0.00046225649985731204,-0.00046225649985731204,3073.002977349555
2025-12-29 12:20:00,2025-12-29 12:25:00,2025-12-29 14:20:00,SHORT,87180.570398,87431.08272,0.10572499225668872,9219.008932048664,-22.793251080621555,7.375207145638932,3.687603572819466,0.23047522330121661,-34.08653702238117,-0.011092256425921394,24,120,max_hold,MEAN_REVERSION,TRENDING,0.4124223602484472,-0.0002565041544720882,-0.0002565041544720882,3038.916440327174
2025-12-29 14:25:00,2025-12-29 14:30:00,2025-12-29 16:25:00,SHORT,87601.706154,87559.618422,0.10404963979918018,9116.749320981522,8.024308221312715,7.293399456785218,3.646699728392609,0.22791873302453805,-3.1437096968896494,-0.001034483757161547,24,120,max_hold,VOL_EXPANSION,TRENDING,0.4449968924798011,-0.0006392571087568396,-0.0006392571087568396,3035.772730630284
2025-12-29 16:50:00,2025-12-29 16:55:00,2025-12-29 18:50:00,SHORT,87537.08908,87523.591218,0.10401872879198638,9107.318191890852,5.0459485337003125,7.285854553512682,3.642927276756341,0.22768295479727133,-6.110516251365982,-0.002012837189593347,24,120,max_hold,MEAN_REVERSION,TRENDING,0.45963975983989325,-0.00046225649985731204,-0.00046225649985731204,3029.662214378918
2025-12-29 18:55:00,2025-12-29 19:00:00,2025-12-29 20:55:00,SHORT,87447.287044,87229.452402,0.10391596072312484,9088.986643136755,26.266837391984417,7.271189314509405,3.6355946572547024,0.2272246660784189,15.132828754141888,0.004994889754481796,24,120,max_hold,MEAN_REVERSION,TRENDING,0.45963975983989325,-0.00046225649985731204,-0.00046225649985731204,3044.79504313306
2025-12-29 21:00:00,2025-12-29 21:05:00,2025-12-29 23:00:00,SHORT,87282.53000200001,87388.17413999999,0.10463214405178257,9134.38512939918,-7.398538905900759,7.307508103519344,3.653754051759672,0.2283596282349795,-18.588160689414757,-0.006104897185554975,24,120,max_hold,MEAN_REVERSION,TRENDING,0.45963975983989325,-0.00046225649985731204,-0.00046225649985731204,3026.206882443645
2025-12-29 23:05:00,2025-12-29 23:10:00,2025-12-30 01:05:00,SHORT,87377.580988,87208.27816799999,0.10388024960828376,9078.620647330936,21.214424575003527,7.262896517864749,3.6314482589323744,0.2269655161832734,10.093114282023128,0.0033352360476667066,24,120,max_hold,MEAN_REVERSION,TRENDING,0.45963975983989325,-0.00046225649985731204,-0.00046225649985731204,3036.2999967256683
2025-12-30 01:10:00,2025-12-30 01:15:00,2025-12-30 03:10:00,SHORT,87205.675376,86945.56563599998,0.1044321733753276,9108.899990177004,30.801225215319622,7.287119992141603,3.6435599960708016,0.2277224997544251,19.642822727352794,0.006469328705508521,24,120,max_hold,MEAN_REVERSION,TRENDING,0.45963975983989325,-0.00046225649985731204,-0.00046225649985731204,3055.942819453021
2025-12-30 09:40:00,2025-12-30 09:45:00,2025-12-30 11:40:00,LONG,87866.649816,87859.4246,0.10435884426290022,9167.828458359063,2.913698931819839,7.33426276668725,3.667131383343625,0.22919571145897658,-8.316890929670013,-0.0027215466456792675,24,120,max_hold,MEAN_REVERSION,TRENDING,0.42565597667638483,-0.0005421302006394861,-0.0005421302006394861,3047.625928523351
2026-01-05 00:05:00,2026-01-05 00:10:00,2026-01-05 00:45:00,SHORT,91732.379854,92159.97145332018,0.09964910127221935,9142.877785570054,-38.94417863385304,7.314302228456043,3.6571511142280215,0.07619064821308379,-49.99182262475019,-0.016403529762910388,8,40,stop_loss,ORNSTEIN_UHLENBECK,MEAN_REVERTING,0.44855842185128986,-0.0007159063437208694,-0.0007159063437208694,2997.634105898601
2026-01-05 08:10:00,2026-01-05 08:15:00,2026-01-05 10:10:00,LONG,92674.171128,92897.06687,0.09705725757974154,8992.902317695804,25.23585754330843,7.194321854156643,3.5971609270783214,0.22482255794239508,14.21955220413107,0.0047435916799019985,24,120,max_hold,MEAN_REVERSION,TRENDING,0.42565597667638483,-0.0005421302006394861,-0.0005421302006394861,3011.853658102732
2026-01-05 10:15:00,2026-01-05 10:20:00,2026-01-05 12:15:00,LONG,92916.249534,93032.62975200001,0.09726359094160483,9035.560974308195,14.936769660903144,7.228448779446556,3.614224389723278,0.2258890243577049,3.868207467375604,0.0012843278281363505,24,120,max_hold,MEAN_REVERSION,TRENDING,0.42565597667638483,-0.0005421302006394861,-0.0005421302006394861,3015.7218655701076
2026-01-06 15:10:00,2026-01-06 15:15:00,2026-01-06 15:20:00,SHORT,93737.258798,94251.83589183088,0.09649691360276876,9047.165596710323,-46.027029720734994,7.237732477368259,3.6188662386841295,0.018848261659813174,-56.902476698447195,-0.018868608988146875,2,10,stop_loss,ORNSTEIN_UHLENBECK,NO_TRADE,0.43406985032074125,-0.0006153701161473847,-0.0006153701161473847,2958.8193888716605
2026-01-07 16:25:00,2026-01-07 16:30:00,2026-01-07 18:25:00,SHORT,91581.839968,91308.12797399999,0.09690439587239784,8876.458166614982,30.0684649952476,7.101166533291987,3.5505832666459933,0.22191145416537458,19.19480374114424,0.006487318493767252,24,120,max_hold,MEAN_REVERSION,TRENDING,0.4124223602484472,-0.0002565041544720882,-0.0002565041544720882,2978.014192612805
2026-01-07 21:15:00,2026-01-07 21:20:00,2026-01-07 23:15:00,SHORT,91186.589034,91418.93013,0.0979558053870438,8934.042577838414,-19.181705810889767,7.147234062270732,3.573617031135366,0.22335106444596037,-30.125907968741828,-0.010116106244043927,24,120,max_hold,ORNSTEIN_UHLENBECK,NO_TRADE,0.39391979301423025,-0.0004640027989382437,-0.0004640027989382437,2947.888284644063
2026-01-11 05:35:00,2026-01-11 05:40:00,2026-01-11 07:35:00,SHORT,90790.93818000001,90718.150002,0.09738742982732114,8843.664853932189,10.62399471986398,7.0749318831457515,3.5374659415728757,0.22109162134830473,-0.20949472620295229,-7.106603302921546e-05,24,120,max_hold,ORNSTEIN_UHLENBECK,MEAN_REVERTING,0.44855842185128986,-0.0007159063437208694,-0.0007159063437208694,2947.67878991786
2026-01-18 18:25:00,2026-01-18 18:30:00,2026-01-18 20:25:00,SHORT,95344.22734000001,95460.308244,0.09272997442153931,8843.03636975358,-7.225519606925624,7.074429095802864,3.537214547901432,0.2210759092438395,-18.05823915987376,-0.006126257454387346,24,120,max_hold,ORNSTEIN_UHLENBECK,MEAN_REVERTING,0.44855842185128986,-0.0007159063437208694,-0.0007159063437208694,2929.620550757986
2026-01-18 20:30:00,2026-01-18 20:35:00,2026-01-18 22:30:00,SHORT,95391.907802,95469.09,0.09211582074846889,8788.861652273958,-3.5934381673965667,7.031089321819167,3.5155446609095833,0.21972154130684896,-14.359793691432166,-0.004901588257809303,24,120,max_hold,ORNSTEIN_UHLENBECK,MEAN_REVERTING,0.44855842185128986,-0.0007159063437208694,-0.0007159063437208694,2915.260757066554
2026-01-18 22:35:00,2026-01-18 22:40:00,2026-01-18 23:00:00,SHORT,95404.16535,95102.05853520049,0.0916525298729572,8745.782271199663,31.18093059059724,6.996625816959731,3.4983129084798654,0.04555094932916491,20.640440915828478,0.007080135410115996,5,25,take_profit,ORNSTEIN_UHLENBECK,MEAN_REVERTING,0.44855842185128986,-0.0007159063437208694,-0.0007159063437208694,2935.9011979823827
2026-01-19 01:10:00,2026-01-19 01:15:00,2026-01-19 03:10:00,SHORT,92739.238442,92754.537198,0.09495378872164967,8807.703593947148,2.0699925941307664,7.0461628751577186,3.5230814375788593,0.2201925898486787,-8.719444308454491,-0.0029699379238125215,24,120,max_hold,MEAN_REVERSION,TRENDING,0.42857142857142855,0.00022454150646600952,0.00022454150646600952,2927.181753673928
2026-01-19 03:15:00,2026-01-19 03:20:00,2026-01-19 05:15:00,SHORT,92736.458998,92627.561808,0.0946746193119033,8781.545261021784,13.819654180958974,7.025236208817427,3.5126181044087135,0.2195386315255446,3.0622612362072887,0.001046146598981707,24,120,max_hold,MEAN_REVERSION,TRENDING,0.42857142857142855,0.00022454150646600952,0.00022454150646600952,2930.2440149101353
2026-01-19 05:20:00,2026-01-19 05:25:00,2026-01-19 07:20:00,SHORT,92595.46720200001,92660.368368,0.0949179712992649,8790.732044730406,-2.6434655006835386,7.032585635784326,3.516292817892163,0.21976830111826018,-13.412112255478286,-0.004577131524621375,24,120,max_hold,MEAN_REVERSION,TRENDING,0.42857142857142855,0.00022454150646600952,0.00022454150646600952,2916.831902654657
2026-01-19 07:25:00,2026-01-19 07:30:00,2026-01-19 09:25:00,SHORT,92609.57438,93088.624002,0.0944691266253326,8750.495707963972,-41.74685174700009,7.000396566371178,3.500198283185589,0.2187623926990993,-52.46620898925596,-0.01798739548258012,24,120,max_hold,MEAN_REVERSION,TRENDING,0.4124223602484472,-0.0002565041544720882,-0.0002565041544720882,2864.365693665401
2026-01-20 00:15:00,2026-01-20 00:20:00,2026-01-20 02:15:00,SHORT,92577.00089600001,92535.033306,0.09280251443046277,8593.097080996204,7.330470614862997,6.874477664796963,3.4372388323984815,0.2148274270249051,-3.1960733093573523,-0.0011158049115116582,24,120,max_hold,ORNSTEIN_UHLENBECK,LOW_VOLATILITY,0.45892351274787535,-0.00038491967729582756,-0.00038491967729582756,2861.1696203560437
2026-01-20 20:15:00,2026-01-20 20:20:00,2026-01-20 22:15:00,SHORT,89781.67007400001,89663.489112,0.09558512502855669,8583.50886106813,14.726800213150756,6.866807088854505,3.4334035444272524,0.21458772152670327,4.212001858342296,0.0014721258845947604,24,120,max_hold,ORNSTEIN_UHLENBECK,HIGH_VOLATILITY,0.40112596762843067,-0.00028929859093905605,-0.00028929859093905605,2865.381622214386
2026-01-20 22:30:00,2026-01-20 22:35:00,2026-01-21 00:30:00,LONG,88256.227716,88593.337788,0.0974193472587972,8596.144866643157,36.286758466956975,6.876915893314526,3.438457946657263,0.21490362166607893,25.75648100531911,0.008988848398285716,24,120,max_hold,MOMENTUM,HIGH_VOLATILITY,0.5169974115616911,-0.00044468427386492085,-0.00044468427386492085,2891.138103219705
2026-01-21 00:35:00,2026-01-21 00:40:00,2026-01-21 02:35:00,SHORT,88886.56913,89047.806,0.0975589418252213,8673.414309659114,-12.258281040337742,6.9387314477272914,3.4693657238636457,0.21683535774147786,-22.883213569670158,-0.007914950013694038,24,120,max_hold,ORNSTEIN_UHLENBECK,HIGH_VOLATILITY,0.40112596762843067,-0.00028929859093905605,-0.00028929859093905605,2868.254889650035
2026-01-21 02:55:00,2026-01-21 03:00:00,2026-01-21 04:55:00,SHORT,89030.750288,89466.779778,0.09663002600996698,8604.764668950105,-38.683898312569895,6.8838117351600845,3.4419058675800422,0.21511911672375264,-49.22473503203378,-0.017161910961839187,24,120,max_hold,ORNSTEIN_UHLENBECK,HIGH_VOLATILITY,0.40112596762843067,-0.00028929859093905605,-0.00028929859093905605,2819.030154618001
2026-01-21 17:45:00,2026-01-21 17:50:00,2026-01-21 19:25:00,LONG,88005.587598,89613.18131370978,0.0961164184322656,8457.090463854001,157.9305725482934,6.765672371083202,3.382836185541601,0.17618938466362502,147.60587460700498,0.05236051638724193,20,100,take_profit,MOMENTUM,HIGH_VOLATILITY,0.5089982481286829,-0.0006490732993168091,-0.0006490732993168091,2966.6360292250056
2026-01-21 19:50:00,2026-01-21 19:55:00,2026-01-21 21:50:00,LONG,90212.5389,90176.81103000001,0.09867462082139172,8899.908087675016,0.03453611728743702,7.119926470140013,3.5599632350700063,0.2224977021918754,-10.867851290114457,-0.003663358491925799,24,120,max_hold,VOL_EXPANSION,HIGH_VOLATILITY,0.4755625627060341,-0.0007179208153524143,-0.0007179208153524143,2955.7681779348914
2026-01-21 22:20:00,2026-01-21 22:25:00,2026-01-22 00:20:00,LONG,89985.303462,89782.03000200001,0.09856140562393913,8867.304533804674,-16.491294388996778,7.093843627043739,3.5469218135218696,0.22168261334511685,-27.353742442907503,-0.009254359880827583,24,120,max_hold,VOL_EXPANSION,HIGH_VOLATILITY,0.4755625627060341,-0.0007179208153524143,-0.0007179208153524143,2928.414435491984
2026-01-22 00:25:00,2026-01-22 00:30:00,2026-01-22 02:25:00,LONG,89857.107828,90273.771634,0.09778859533245701,8785.243306475952,44.26791922105032,7.028194645180761,3.5140973225903807,0.2196310826618988,33.50599617061728,0.011441685222053672,24,120,max_hold,MEAN_REVERSION,HIGH_VOLATILITY,0.4639981596503336,-0.0005607429538077292,-0.0005607429538077292,2961.9204316626015
2026-01-22 14:55:00,2026-01-22 15:00:00,2026-01-22 16:55:00,SHORT,89070.78228000001,89071.870812,0.09974072210123185,8885.761294987804,3.445044541377497,7.108609035990243,3.5543045179951216,0.2221440323746951,-7.440013044982563,-0.0025118882213882748,24,120,max_hold,ORNSTEIN_UHLENBECK,NO_TRADE,0.3866584311303274,-0.000526924037242394,-0.000526924037242394,2954.480418617619
2026-01-22 19:35:00,2026-01-22 19:40:00,2026-01-22 21:35:00,SHORT,89824.0316,89531.522724,0.09865587649265217,8863.441255852857,32.39661672265757,7.090753004682286,3.545376502341143,0.22158603139632144,21.538901184237822,0.007290250105741343,24,120,max_hold,ORNSTEIN_UHLENBECK,NO_TRADE,0.43406985032074125,-0.0006153701161473847,-0.0006153701161473847,2976.0193198018565
2026-01-23 20:30:00,2026-01-23 20:35:00,2026-01-23 22:30:00,LONG,89420.84059200001,89643.27775800001,0.09986311369786378,8928.057959405569,25.78964911247247,7.142446367524456,3.571223183762228,0.22320144898513924,14.852778112200648,0.004990820460530326,24,120,max_hold,MOMENTUM,HIGH_VOLATILITY,0.5169974115616911,-0.00044468427386492085,-0.00044468427386492085,2990.872097914057
2026-01-25 18:45:00,2026-01-25 18:50:00,2026-01-25 19:20:00,LONG,87303.237156,86710.63038225526,0.1027958539608877,8972.616293742172,-57.33994084076979,7.178093034993738,3.589046517496869,0.06542532714187001,-68.17250572040227,-0.022793520915838646,7,35,stop_loss,ORNSTEIN_UHLENBECK,NO_TRADE,0.48284734133790735,-0.0005706037793934026,-0.0005706037793934026,2922.699592193655
2026-01-29 16:05:00,2026-01-29 16:10:00,2026-01-29 17:00:00,SHORT,84537.519114,85486.8568879519,0.10369768652666651,8768.098776580966,-94.91790779899492,7.014479021264773,3.5072395106323864,0.10046779848165692,-105.54009412937374,-0.03611048306547297,11,55,stop_loss,MEAN_REVERSION,TRENDING,0.42857142857142855,0.00022454150646600952,0.00022454150646600952,2817.1594980642813
2026-01-30 00:00:00,2026-01-30 00:05:00,2026-01-30 01:20:00,SHORT,84709.464718,83676.41928122913,0.09975022539244663,8451.478494192845,106.40582539113215,6.7611827953542765,3.3805913976771382,0.14085797490321408,96.12319322319753,0.03412060740233041,16,80,take_profit,MEAN_REVERSION,TRENDING,0.45963975983989325,-0.00046225649985731204,-0.00046225649985731204,2913.282691287479
2026-01-30 01:25:00,2026-01-30 01:30:00,2026-01-30 01:35:00,SHORT,83756.165416,82834.48184296174,0.10432784333961902,8739.848073862437,99.63327199178167,6.99187845908995,3.495939229544975,0.018208016820546746,89.1272462863262,0.03059340810037828,2,10,take_profit,MEAN_REVERSION,TRENDING,0.4124223602484472,-0.0002565041544720882,-0.0002565041544720882,3002.409937573805
2026-01-30 02:40:00,2026-01-30 02:45:00,2026-01-30 04:10:00,SHORT,81968.55301,83038.28243401437,0.10986443015116087,9007.229812721416,-113.89954175183,7.205783850177133,3.6028919250885667,0.16888555898852656,-124.87710308608422,-0.04159228942167545,18,90,stop_loss,MEAN_REVERSION,TRENDING,0.42857142857142855,0.00022454150646600952,0.00022454150646600952,2877.5328344877207
2026-01-30 04:15:00,2026-01-30 04:20:00,2026-01-30 06:15:00,SHORT,83151.44638400001,82703.04730199999,0.10379701567552314,8632.598503463163,49.985528838862464,6.906078802770531,3.4530394013852654,0.2158149625865791,39.41059567212009,0.013695967323040554,24,120,max_hold,MEAN_REVERSION,TRENDING,0.4124223602484472,-0.0002565041544720882,-0.0002565041544720882,2916.943430159841
2026-01-30 06:20:00,2026-01-30 06:25:00,2026-01-30 08:20:00,SHORT,82570.61257400001,82836.26393999999,0.10595876488842174,8750.830290479522,-24.642829950099507,7.000664232383618,3.500332116191809,0.21877075726198805,-35.36259705593692,-0.012123168619008542,24,120,max_hold,MEAN_REVERSION,TRENDING,0.4124223602484472,-0.0002565041544720882,-0.0002565041544720882,2881.580833103904
2026-01-30 08:25:00,2026-01-30 08:30:00,2026-01-30 10:25:00,SHORT,82683.46,82539.17453399999,0.10453134823835201,8644.742499311711,18.536543983106874,6.915793999449369,3.4578969997246847,0.2161185624827928,7.946734421450026,0.002757769044739993,24,120,max_hold,MEAN_REVERSION,TRENDING,0.45963975983989325,-0.00046225649985731204,-0.00046225649985731204,2889.527567525354
2026-01-30 10:30:00,2026-01-30 10:35:00,2026-01-30 11:50:00,SHORT,82560.374622,83241.98484280315,0.10497589219666738,8668.582702576061,-68.07159365941638,6.934866162060849,3.4674330810304244,0.1444763783762677,-78.61836928088391,-0.027208035723367115,16,80,stop_loss,MEAN_REVERSION,TRENDING,0.45963975983989325,-0.00046225649985731204,-0.00046225649985731204,2810.9091982444697
2026-01-30 11:55:00,2026-01-30 12:00:00,2026-01-30 13:55:00,SHORT,83134.729728,82757.468184,0.10141418726925704,8432.72759473341,41.62443902279447,6.746182075786728,3.373091037893364,0.21081818986833525,31.294347719246044,0.011133176318463318,24,120,max_hold,MOMENTUM,TRENDING,0.4597568037058483,-0.0006756929812810691,-0.0006756929812810691,2842.203545963716
2026-01-30 14:00:00,2026-01-30 14:05:00,2026-01-30 14:40:00,SHORT,82882.42020000001,83619.7748897085,0.1028554100518842,8526.610637891148,-72.41579155017978,6.821288510312919,3.4106442551564595,0.0710550886490929,-82.71877940429825,-0.029103749279944868,8,40,stop_loss,VOL_EXPANSION,TRENDING,0.4449968924798011,-0.0006392571087568396,-0.0006392571087568396,2759.4847665594175
2026-01-30 14:45:00,2026-01-30 14:50:00,2026-01-30 15:30:00,SHORT,83498.976864,82584.51904851057,0.09912455121814555,8278.454299678253,93.93781472524073,6.622763439742602,3.311381719871301,0.07761050905948363,83.92605905656734,0.0304136699986962,9,45,take_profit,MOMENTUM,TRENDING,0.4597568037058483,-0.0006756929812810691,-0.0006756929812810691,2843.410825615985
2026-01-30 15:35:00,2026-01-30 15:40:00,2026-01-30 17:35:00,SHORT,83140.488576,83067.270132,0.10257970065399036,8530.232476847954,10.920634931623148,6.824185981478363,3.4120929907391817,0.21325581192119886,0.47110014748440415,0.00016568135115767064,24,120,max_hold,VOL_EXPANSION,TRENDING,0.4449968924798011,-0.0006392571087568396,-0.0006392571087568396,2843.881925763469
2026-01-30 18:15:00,2026-01-30 18:20:00,2026-01-30 18:50:00,LONG,82249.056522,83707.56500808915,0.10375015188366764,8531.645777290407,154.76408808390028,6.825316621832326,3.412658310916163,0.06220991712607588,144.46390323402574,0.05079813684432167,7,35,take_profit,MOMENTUM,HIGH_VOLATILITY,0.5169974115616911,-0.00044468427386492085,-0.00044468427386492085,2988.3458289974947
2026-01-30 19:35:00,2026-01-30 19:40:00,2026-01-30 21:35:00,LONG,84380.18266199999,84073.002036,0.10626701924085818,8965.037486992484,-29.062967092181722,7.172029989593987,3.5860149947969937,0.2241259371748121,-40.04513801374751,-0.013400436330082158,24,120,max_hold,VOL_EXPANSION,HIGH_VOLATILITY,0.4755625627060341,-0.0007179208153524143,-0.0007179208153524143,2948.3006909837472
2026-01-30 22:00:00,2026-01-30 22:05:00,2026-01-31 00:00:00,LONG,84164.989632,84123.16200200001,0.10511105736538079,8844.902072951241,-0.8587573386753018,7.075921658360993,3.5379608291804967,0.22112255182378104,-11.693762378040573,-0.00396627196601808,24,120,max_hold,VOL_EXPANSION,HIGH_VOLATILITY,0.4755625627060341,-0.0007179208153524143,-0.0007179208153524143,2936.606928605707
2026-01-31 01:30:00,2026-01-31 01:35:00,2026-01-31 03:30:00,LONG,84026.371914,84114.99363600001,0.10486687154590983,8809.82078581712,12.819975046487816,7.047856628653697,3.5239283143268487,0.22024551964542805,2.0279445838618413,0.0006905740649548573,24,120,max_hold,VOL_EXPANSION,HIGH_VOLATILITY,0.4755625627060341,-0.0007179208153524143,-0.0007179208153524143,2938.6348731895687
2026-01-31 16:35:00,2026-01-31 16:40:00,2026-01-31 17:05:00,LONG,81054.80772,80068.68808880878,0.10878648717486118,8815.904619568706,-103.7708829402242,7.052723695654965,3.5263618478274825,0.055099403872304414,-114.40506788757895,-0.03893136535312558,6,30,stop_loss,VOL_EXPANSION,HIGH_VOLATILITY,0.4755625627060341,-0.0007179208153524143,-0.0007179208153524143,2824.22980530199
2026-02-01 01:00:00,2026-02-01 01:05:00,2026-02-01 03:00:00,LONG,78787.094268,78784.249998,0.1075605596642887,8472.68941590597,3.083761245574417,6.7781515327247766,3.3890757663623883,0.21181723539764927,-7.2952832889103965,-0.0025831054099120397,24,120,max_hold,VOL_EXPANSION,HIGH_VOLATILITY,0.4755625627060341,-0.0007179208153524143,-0.0007179208153524143,2816.9345220130795
2026-02-01 03:15:00,2026-02-01 03:20:00,2026-02-01 05:15:00,LONG,78719.7408,78793.568134,0.10737451166445464,8450.803566039238,11.309757313617254,6.760642852831391,3.3803214264156956,0.21127008915098097,0.9575229452191866,0.00033991664972564124,24,120,max_hold,VOL_EXPANSION,HIGH_VOLATILITY,0.4755625627060341,-0.0007179208153524143,-0.0007179208153524143,2817.892044958299
2026-02-01 16:15:00,2026-02-01 16:20:00,2026-02-01 18:15:00,LONG,77195.446002,78221.092652,0.10953193883850103,8453.676134874897,115.74568572880996,6.762940907899917,3.3814704539499587,0.21134190337187242,105.38993246358821,0.03740027324756788,24,120,max_hold,MOMENTUM,HIGH_VOLATILITY,0.5089982481286829,-0.0006490732993168091,-0.0006490732993168091,2923.281977421887
2026-02-01 18:20:00,2026-02-01 18:25:00,2026-02-01 19:55:00,LONG,78077.332344,77018.22658622486,0.11234502560622107,8769.84593226566,-115.5004251890755,7.015876745812529,3.5079383729062643,0.1735698674094245,-126.19781017520373,-0.04316990668361751,19,95,stop_loss,VOL_EXPANSION,HIGH_VOLATILITY,0.4755625627060341,-0.0007179208153524143,-0.0007179208153524143,2797.084167246683
2026-02-01 20:00:00,2026-02-01 20:05:00,2026-02-01 22:00:00,LONG,77069.4108,76877.97133,0.10890093313442585,8391.25250174005,-17.494934908045096,6.71300200139204,3.35650100069602,0.20978131254350124,-27.77421922267666,-0.009929704492952846,24,120,max_hold,MOMENTUM,HIGH_VOLATILITY,0.5169974115616911,-0.00044468427386492085,-0.00044468427386492085,2769.3099480240066
2026-02-01 22:15:00,2026-02-01 22:20:00,2026-02-01 23:05:00,LONG,77363.4696,76056.95177044971,0.10740975647815094,8307.92984407202,-137.03699736820434,6.646343875257616,3.323171937628808,0.0865409358757502,-147.09305411696653,-0.053115417514721396,10,50,stop_loss,VOL_EXPANSION,HIGH_VOLATILITY,0.4755625627060341,-0.0007179208153524143,-0.0007179208153524143,2622.2168939070402
2026-02-02 00:00:00,2026-02-02 00:05:00,2026-02-02 02:00:00,LONG,76813.349598,77381.23065800001,0.10243302828265584,7866.650681721121,61.328702693391136,6.293320545376897,3.1466602726884485,0.19666626704302803,51.69205560828276,0.019713112110746427,24,120,max_hold,VOL_EXPANSION,HIGH_VOLATILITY,0.4755625627060341,-0.0007179208153524143,-0.0007179208153524143,2673.908949515323
2026-02-02 02:05:00,2026-02-02 02:10:00,2026-02-02 03:15:00,LONG,77268.24055799999,75632.22789745347,0.10383737400999976,8021.726848545969,-166.7039085605578,6.417381478836775,3.2086907394183877,0.11698351654129538,-176.44696429535426,-0.06598839662335448,14,70,stop_loss,VOL_EXPANSION,HIGH_VOLATILITY,0.4755625627060341,-0.0007179208153524143,-0.0007179208153524143,2497.461985219969
2026-02-03 15:35:00,2026-02-03 15:40:00,2026-02-03 16:20:00,LONG,77838.654618,76854.81282255895,0.09627458837293543,7492.385955659907,-91.7403575694273,5.9939087645279265,2.9969543822639633,0.07024111833431164,-100.8014618345535,-0.04036156002818005,9,45,stop_loss,VOL_EXPANSION,HIGH_VOLATILITY,0.4755625627060341,-0.0007179208153524143,-0.0007179208153524143,2396.660523385415
2026-02-04 00:10:00,2026-02-04 00:15:00,2026-02-04 02:10:00,LONG,75482.323446,76397.69740399999,0.09527289619820743,7189.981570156246,90.1043415794546,5.751985256124997,2.8759926280624986,0.17974953925390616,81.29661415601319,0.0339207882646547,24,120,max_hold,VOL_EXPANSION,HIGH_VOLATILITY,0.4755625627060341,-0.0007179208153524143,-0.0007179208153524143,2477.9571375414284
2026-02-04 02:30:00,2026-02-04 02:35:00,2026-02-04 04:30:00,LONG,76062.279414,76664.424048,0.097753554642201,7433.871412624285,61.84769648657271,5.947097130099428,2.973548565049714,0.18584678531560714,52.741204006107964,0.021284147012501017,24,120,max_hold,VOL_EXPANSION,HIGH_VOLATILITY,0.4755625627060341,-0.0007179208153524143,-0.0007179208153524143,2530.6983415475365
2026-02-04 14:50:00,2026-02-04 14:55:00,2026-02-04 15:00:00,LONG,74949.596922,74021.28209311588,0.10131626793870828,7592.095024642609,-91.0347628774182,6.073676019714088,3.036838009857044,0.015816864634672103,-100.16109377162401,-0.039578440514713785,2,10,stop_loss,MOMENTUM,HIGH_VOLATILITY,0.5169974115616911,-0.00044468427386492085,-0.00044468427386492085,2430.5372477759124
2026-02-04 15:05:00,2026-02-04 15:10:00,2026-02-04 15:35:00,LONG,74978.89278,73943.1481700226,0.09726830839014163,7291.611743327738,-97.84805104958748,5.833289394662191,2.9166446973310953,0.045572573395798364,-106.64355771497657,-0.04387653709588768,6,30,stop_loss,MOMENTUM,HIGH_VOLATILITY,0.5089982481286829,-0.0006490732993168091,-0.0006490732993168091,2323.893690060936
2026-02-05 01:15:00,2026-02-05 01:20:00,2026-02-05 03:15:00,LONG,72507.258552,71487.6996,0.09617072201669255,6971.681070182808,-95.2821045452576,5.577344856146246,2.788672428073123,0.1742920267545702,-103.82241385623153,-0.044676059967919256,24,120,max_hold,MOMENTUM,HIGH_VOLATILITY,0.5089982481286829,-0.0006490732993168091,-0.0006490732993168091,2220.0712762047046
2026-02-06 12:55:00,2026-02-06 13:00:00,2026-02-06 14:35:00,LONG,66571.24158599999,68162.66522209767,0.10006642076480016,6660.213828614114,161.94454162456745,5.3281710628912915,2.6640855314456457,0.13875445476279405,153.81353057546772,0.06928314970067886,20,100,take_profit,MEAN_REVERSION,HIGH_VOLATILITY,0.4639981596503336,-0.0005607429538077292,-0.0005607429538077292,2373.8848067801723
2026-02-06 15:10:00,2026-02-06 15:15:00,2026-02-06 16:15:00,LONG,67947.01668599999,69536.88226726731,0.10483284033119655,7121.654420340517,169.55269693658474,5.697323536272414,2.848661768136207,0.09643907027544452,160.91027256190068,0.06778352180456132,13,65,take_profit,VOL_EXPANSION,HIGH_VOLATILITY,0.4755625627060341,-0.0007179208153524143,-0.0007179208153524143,2534.795079342073
2026-02-06 16:55:00,2026-02-06 17:00:00,2026-02-06 18:55:00,LONG,69968.000802,69762.724664,0.10870549433872655,7604.38523802622,-19.2767453110864,6.083508190420976,3.041754095210488,0.1901096309506555,-28.59211722766852,-0.011279853531627432,24,120,max_hold,VOL_EXPANSION,HIGH_VOLATILITY,0.4755625627060341,-0.0007179208153524143,-0.0007179208153524143,2506.2029621144047
2026-02-06 20:05:00,2026-02-06 20:10:00,2026-02-06 22:05:00,LONG,70505.34825,70635.87999799999,0.10666017252273459,7518.608886343214,16.933368989709393,6.0148871090745715,3.0074435545372857,0.18796522215858036,7.7230731039389555,0.003081583263880289,24,120,max_hold,VOL_EXPANSION,HIGH_VOLATILITY,0.4755625627060341,-0.0007179208153524143,-0.0007179208153524143,2513.9260352183437
2026-02-06 22:10:00,2026-02-06 22:15:00,2026-02-07 00:10:00,LONG,70452.20762399999,70257.605668,0.10706955417968327,7541.778105655031,-17.822797988749308,6.033422484524025,3.0167112422620126,0.1885444526413758,-27.06147616817672,-0.010764627037177859,24,120,max_hold,VOL_EXPANSION,HIGH_VOLATILITY,0.4755625627060341,-0.0007179208153524143,-0.0007179208153524143,2486.864559050167
2026-02-07 00:15:00,2026-02-07 00:20:00,2026-02-07 02:15:00,LONG,70192.0356,70381.91080200001,0.10630957959973925,7460.5936771505,23.17442525694838,5.968474941720401,2.9842374708602004,0.18651484192876253,14.035198002439014,0.005643732366269121,24,120,max_hold,MOMENTUM,HIGH_VOLATILITY,0.5089982481286829,-0.0006490732993168091,-0.0006490732993168091,2500.8997570526058
2026-02-07 03:30:00,2026-02-07 03:35:00,2026-02-07 05:30:00,LONG,70754.148,70292.58867,0.10606021022275681,7502.699271157817,-45.9611921000325,6.002159416926253,3.0010797084631267,0.18756748177894542,-55.151998707200825,-0.02205286259542018,24,120,max_hold,VOL_EXPANSION,HIGH_VOLATILITY,0.4755625627060341,-0.0007179208153524143,-0.0007179208153524143,2445.747758345405
2026-02-07 05:35:00,2026-02-07 05:40:00,2026-02-07 06:55:00,LONG,70217.510694,69162.47127023264,0.10451396882570356,7337.243275036215,-107.35293072164116,5.869794620028972,2.934897310014486,0.12228738791727026,-116.27991003960189,-0.04754370504596413,16,80,stop_loss,MOMENTUM,HIGH_VOLATILITY,0.5169974115616911,-0.00044468427386492085,-0.00044468427386492085,2329.4678483058033
2026-02-08 07:20:00,2026-02-08 07:25:00,2026-02-08 08:25:00,LONG,69501.477516,70146.92901572725,0.10057054145384556,6988.40354491741,67.72231269026986,5.590722835933928,2.795361417966964,0.09463463133742327,59.24159380503154,0.025431385047068718,13,65,take_profit,ORNSTEIN_UHLENBECK,NO_TRADE,0.40409434801958166,-0.0007234345070650343,-0.0007234345070650343,2388.709442110835
2026-02-08 09:30:00,2026-02-08 09:35:00,2026-02-08 11:30:00,SHORT,70342.10876399999,71055.13624962153,0.10185499449135109,7166.128326332505,-69.74501028757248,5.732902661066004,2.866451330533002,0.17915320815831262,-78.5235174873298,-0.03287277895880915,24,120,stop_loss,ORNSTEIN_UHLENBECK,MEAN_REVERTING,0.44855842185128986,-0.0007159063437208694,-0.0007159063437208694,2310.1859246235053
2026-02-08 14:35:00,2026-02-08 14:40:00,2026-02-08 16:35:00,SHORT,71322.642618,70946.426448,0.09715248072660444,6930.557773870516,39.31469437563473,5.544446219096413,2.7722231095482064,0.1732639443467629,30.824761102643347,0.013342978491078334,24,120,max_hold,ORNSTEIN_UHLENBECK,MEAN_REVERTING,0.44855842185128986,-0.0007159063437208694,-0.0007159063437208694,2341.0106857261485
2026-02-09 00:40:00,2026-02-09 00:45:00,2026-02-09 02:40:00,LONG,70292.72573399999,70860.884988,0.09993120326805338,7023.032057178445,59.59797031703486,5.618425645742756,2.809212822871378,0.17557580142946114,50.99475604699126,0.021783222245811067,24,120,max_hold,MOMENTUM,HIGH_VOLATILITY,0.5089982481286829,-0.0006490732993168091,-0.0006490732993168091,2392.00544177314
2026-02-09 03:20:00,2026-02-09 03:25:00,2026-02-09 05:20:00,LONG,70739.94516,70964.674226,0.10146249777760619,7176.01632531942,25.677114312577615,5.740813060255536,2.870406530127768,0.1794004081329855,16.886494314061327,0.007059555141121982,24,120,max_hold,VOL_EXPANSION,HIGH_VOLATILITY,0.4755625627060341,-0.0007179208153524143,-0.0007179208153524143,2408.891936087201
2026-02-09 05:25:00,2026-02-09 05:30:00,2026-02-09 07:25:00,LONG,71038.20479999999,70708.015568,0.1017497720244087,7226.675808261603,-30.71215118784727,5.781340646609283,2.8906703233046414,0.18066689520654008,-39.56482905296773,-0.016424493129083024,24,120,max_hold,MEAN_REVERSION,HIGH_VOLATILITY,0.4639981596503336,-0.0005607429538077292,-0.0005607429538077292,2369.3271070342334
2026-02-09 15:10:00,2026-02-09 15:15:00,2026-02-09 17:10:00,LONG,69497.076636,69912.404722,0.10229787009032547,7107.9813211027,45.339439002734515,5.686385056882161,2.8431925284410804,0.17769953302756752,36.632161884383706,0.01546099809335209,24,120,max_hold,VOL_EXPANSION,HIGH_VOLATILITY,0.4755625627060341,-0.0007179208153524143,-0.0007179208153524143,2405.959268918617
2026-02-09 17:20:00,2026-02-09 17:25:00,2026-02-09 19:20:00,LONG,69999.28705799999,70612.8746,0.10313421301470425,7217.8778067558505,66.18225583366718,5.774302245404681,2.8871511227023405,0.18044694516889628,57.34035552039126,0.023832637676432268,24,120,max_hold,VOL_EXPANSION,HIGH_VOLATILITY,0.4755625627060341,-0.0007179208153524143,-0.0007179208153524143,2463.2996244390083
2026-02-09 19:25:00,2026-02-09 19:30:00,2026-02-09 21:25:00,LONG,70690.605294,70304.446298,0.10455953549062402,7389.8988733170245,-37.42813132422424,5.91191909865362,2.95595954932681,0.1847474718329256,-46.4807574440376,-0.01886930724256621,24,120,max_hold,MEAN_REVERSION,HIGH_VOLATILITY,0.4639981596503336,-0.0005607429538077292,-0.0005607429538077292,2416.818866994971
2026-02-09 21:30:00,2026-02-09 21:35:00,2026-02-09 23:30:00,LONG,70015.630326,70313.9344,0.10357553961221921,7250.456600984913,33.80394886323992,5.800365280787931,2.9001826403939654,0.18126141502462284,24.9221395270334,0.010311960017930985,24,120,max_hold,MOMENTUM,HIGH_VOLATILITY,0.5169974115616911,-0.00044468427386492085,-0.00044468427386492085,2441.741006522004
2026-02-10 00:00:00,2026-02-10 00:05:00,2026-02-10 02:00:00,LONG,70114.02,70347.487688,0.10449676204801729,7325.223019566012,27.33217308127919,5.86017841565281,2.930089207826405,0.18313057548915032,18.358774882310822,0.007518723252496345,24,120,max_hold,MOMENTUM,HIGH_VOLATILITY,0.5089982481286829,-0.0006490732993168091,-0.0006490732993168091,2460.099781404315
2026-02-10 14:50:00,2026-02-10 14:55:00,2026-02-10 15:35:00,LONG,68430.08327999999,69485.39920439018,0.10787324887326642,7380.299344212945,116.81584025739983,5.904239475370356,2.952119737685178,0.06919030635199636,107.89029073799229,0.04385606289367847,9,45,take_profit,MOMENTUM,HIGH_VOLATILITY,0.5169974115616911,-0.00044468427386492085,-0.00044468427386492085,2567.9900721423073
2026-02-10 15:55:00,2026-02-10 16:00:00,2026-02-10 17:55:00,LONG,69307.228674,69911.324938,0.11117903800070515,7703.970216426922,70.25848127416641,6.1631761731415375,3.0815880865707688,0.19259925541067305,60.82111775904344,0.02368432745080838,24,120,max_hold,VOL_EXPANSION,HIGH_VOLATILITY,0.4755625627060341,-0.0007179208153524143,-0.0007179208153524143,2628.8111899013506
2026-02-10 18:20:00,2026-02-10 18:25:00,2026-02-10 20:20:00,LONG,69349.20706799999,68761.804888,0.11374334602965892,7886.4335697040515,-63.671250240481946,6.309146855763242,3.154573427881621,0.1971608392426013,-73.3321313633694,-0.027895549001418114,24,120,max_hold,MOMENTUM,HIGH_VOLATILITY,0.5089982481286829,-0.0006490732993168091,-0.0006490732993168091,2555.4790585379815
2026-02-10 20:30:00,2026-02-10 20:35:00,2026-02-10 22:30:00,LONG,68691.7356,68746.248,0.11162871917664964,7666.437175613944,9.153554972485171,6.133149740491156,3.066574870245578,0.19166092939034862,-0.23783056764191124,-9.306692099366167e-05,24,120,max_hold,VOL_EXPANSION,HIGH_VOLATILITY,0.4755625627060341,-0.0007179208153524143,-0.0007179208153524143,2555.2412279703394
2026-02-10 23:15:00,2026-02-10 23:20:00,2026-02-11 01:15:00,LONG,68632.77381,69161.16500000001,0.11171422052492738,7665.723683911018,62.10752090083272,6.132578947128815,3.0662894735644075,0.19164309209777547,52.71700938804172,0.020630932536226925,24,120,max_hold,VOL_EXPANSION,HIGH_VOLATILITY,0.4755625627060341,-0.0007179208153524143,-0.0007179208153524143,2607.958237358381
2026-02-11 14:35:00,2026-02-11 14:40:00,2026-02-11 15:00:00,LONG,67266.440598,66362.71784614254,0.11633497205217408,7823.874712075143,-102.02541627867934,6.259099769660115,3.1295498848300576,0.0407493474587247,-111.45481528062824,-0.04273642640593876,5,25,stop_loss,MOMENTUM,HIGH_VOLATILITY,0.5089982481286829,-0.0006490732993168091,-0.0006490732993168091,2496.503422077753
2026-02-12 14:35:00,2026-02-12 14:40:00,2026-02-12 15:05:00,LONG,67897.906866,67243.05735534448,0.11032752722510863,7489.510266233259,-69.26597630396283,5.991608212986607,2.9958041064933036,0.04680943916395787,-78.3001980626067,-0.03136394581724233,6,30,stop_loss,ORNSTEIN_UHLENBECK,NO_TRADE,0.40409434801958166,-0.0007234345070650343,-0.0007234345070650343,2418.203224015146
2026-02-13 00:25:00,2026-02-13 00:30:00,2026-02-13 02:25:00,LONG,66040.135386,66524.74239,0.10987349664819249,7254.609672045439,56.15854160682577,5.803687737636351,2.9018438688181756,0.18136524180113597,47.271644758570105,0.01954825148238824,24,120,max_hold,VOL_EXPANSION,HIGH_VOLATILITY,0.4755625627060341,-0.0007179208153524143,-0.0007179208153524143,2465.474868773716
2026-02-13 16:15:00,2026-02-13 16:20:00,2026-02-13 18:15:00,LONG,68988.805002,68992.44875,0.10723339665077466,7396.4246063211485,3.3499713113700325,5.917139685056919,2.9585698425284597,0.18491061515802873,-5.710648831373375,-0.002316247025553236,24,120,max_hold,VOL_EXPANSION,HIGH_VOLATILITY,0.4755625627060341,-0.0007179208153524143,-0.0007179208153524143,2459.7642199423426
2026-02-13 18:45:00,2026-02-13 18:50:00,2026-02-13 20:45:00,LONG,69193.59595199999,68830.221202,0.10666837612369613,7379.292659827028,-35.81604065105193,5.9034341278616225,2.9517170639308112,0.1844823164956757,-44.85567415934004,-0.01823576170255516,24,120,max_hold,VOL_EXPANSION,HIGH_VOLATILITY,0.4755625627060341,-0.0007179208153524143,-0.0007179208153524143,2414.9085457830024
2026-02-13 20:50:00,2026-02-13 20:55:00,2026-02-13 22:50:00,LONG,68773.46194200001,68961.205,0.10536294637294145,7244.725637349007,22.683588724629992,5.795780509879206,2.897890254939603,0.1811181409337252,13.808799818877455,0.005718146073477964,24,120,max_hold,VOL_EXPANSION,HIGH_VOLATILITY,0.4755625627060341,-0.0007179208153524143,-0.0007179208153524143,2428.71734560188
2026-02-14 16:05:00,2026-02-14 16:10:00,2026-02-14 18:05:00,LONG,69674.9322,69739.84924000001,0.10459442208417392,7286.15203680564,9.706362369411119,5.828921629444512,2.914460814722256,0.182153800920141,0.7808261243242102,0.0003214973227486492,24,120,max_hold,ORNSTEIN_UHLENBECK,NO_TRADE,0.40409434801958166,-0.0007234345070650343,-0.0007234345070650343,2429.498171726204
2026-02-14 18:15:00,2026-02-14 18:20:00,2026-02-14 20:15:00,LONG,69842.06562000001,69804.0364,0.10437767195697165,7288.494515178612,-1.0542144867664245,5.83079561214289,2.915397806071445,0.18221236287946532,-9.982620267860225,-0.004108922733112158,24,120,max_hold,ORNSTEIN_UHLENBECK,NO_TRADE,0.40409434801958166,-0.0007234345070650343,-0.0007234345070650343,2419.515551458344
2026-02-14 20:20:00,2026-02-14 20:25:00,2026-02-14 22:20:00,LONG,69912.619728,69869.493306,0.10384388958604962,7258.546654375032,-1.5753118050203943,5.806837323500026,2.903418661750013,0.1814636663593758,-10.467031456629808,-0.004326085629133852,24,120,max_hold,ORNSTEIN_UHLENBECK,NO_TRADE,0.40409434801958166,-0.0007234345070650343,-0.0007234345070650343,2409.048520001714
2026-02-14 22:25:00,2026-02-14 22:30:00,2026-02-15 00:25:00,LONG,69954.708144,69681.83084600001,0.10333244439012271,7227.145560005143,-25.31128225336032,5.781716448004115,2.8908582240020575,0.1806786390001286,-34.16453556436662,-0.014181754863261248,24,120,max_hold,ORNSTEIN_UHLENBECK,NO_TRADE,0.40409434801958166,-0.0007234345070650343,-0.0007234345070650343,2374.8839844373474
2026-02-15 01:45:00,2026-02-15 01:50:00,2026-02-15 03:45:00,SHORT,69492.69868,69933.4877900865,0.10250324362451972,7124.651953312043,-42.323987959313634,5.699721562649635,2.8498607813248173,0.17811629883280108,-51.05168660212088,-0.02149649706539915,24,120,stop_loss,ORNSTEIN_UHLENBECK,NO_TRADE,0.43406985032074125,-0.0006153701161473847,-0.0006153701161473847,2323.8322978352267
2026-02-15 08:15:00,2026-02-15 08:20:00,2026-02-15 10:15:00,LONG,70845.436254,70315.194148,0.0984239996474111,6971.49689350568,-49.40983206299784,5.577197514804545,2.7885987574022724,0.17428742233764202,-57.9499157575423,-0.02493721935594308,24,120,max_hold,ORNSTEIN_UHLENBECK,NO_TRADE,0.42024720423778694,-0.00013360762953308042,-0.00013360762953308042,2265.8823820776843
2026-02-16 14:50:00,2026-02-16 14:55:00,2026-02-16 15:30:00,LONG,68314.850238,67457.34692714977,0.09952457850636354,6797.647146233053,-82.64012474663689,5.438117716986443,2.7190588584932214,0.05664705955194211,-90.8539483816685,-0.040096497991374394,8,40,stop_loss,MOMENTUM,HIGH_VOLATILITY,0.5169974115616911,-0.00044468427386492085,-0.00044468427386492085,2175.028433696016
2026-02-17 16:45:00,2026-02-17 16:50:00,2026-02-17 18:45:00,LONG,67600.56741,67863.52458000001,0.09654342512490258,6525.085301088047,28.002420457478514,5.220068240870438,2.610034120435219,0.16312713252720118,20.009190963645654,0.009199507764431441,24,120,max_hold,VOL_EXPANSION,HIGH_VOLATILITY,0.4755625627060341,-0.0007179208153524143,-0.0007179208153524143,2195.0376246596616
2026-02-17 19:50:00,2026-02-17 19:55:00,2026-02-17 21:50:00,LONG,67854.15811799999,67616.46400200001,0.09706744699565532,6585.112873978985,-20.442404337284156,5.268090299183188,2.634045149591594,0.16462782184947464,-28.509167607908413,-0.012988008628020093,24,120,max_hold,VOL_EXPANSION,HIGH_VOLATILITY,0.4755625627060341,-0.0007179208153524143,-0.0007179208153524143,2166.5284570517533
2026-02-17 22:05:00,2026-02-17 22:10:00,2026-02-18 00:05:00,LONG,67573.76205,67593.77854,0.0962042824168836,6499.58537115526,4.526411487715353,5.199668296924208,2.599834148462104,0.1624896342788815,-3.43558059194984,-0.0015857537346290079,24,120,max_hold,VOL_EXPANSION,HIGH_VOLATILITY,0.4755625627060341,-0.0007179208153524143,-0.0007179208153524143,2163.0928764598034
2026-02-18 14:40:00,2026-02-18 14:45:00,2026-02-18 15:35:00,SHORT,67131.241066,67730.48358824861,0.09664622120235919,6489.278629379411,-55.30775235687648,5.191422903503529,2.5957114517517645,0.07435631762830576,-63.169243029760075,-0.029203204225398384,11,55,stop_loss,ORNSTEIN_UHLENBECK,NO_TRADE,0.39391979301423025,-0.0004640027989382437,-0.0004640027989382437,2099.9236334300435
2026-02-18 15:40:00,2026-02-18 15:45:00,2026-02-18 16:00:00,LONG,68123.211918,67284.41221744388,0.09249462374226787,6299.77090029013,-75.07957025199885,5.039816720232104,2.519908360116052,0.026249045417875545,-82.66554437776487,-0.03936597648683912,4,20,stop_loss,ORNSTEIN_UHLENBECK,HIGH_VOLATILITY,0.43185078909612623,-4.2461027369682664e-05,-4.2461027369682664e-05,2017.2580890522786
2026-02-19 17:30:00,2026-02-19 17:35:00,2026-02-19 19:30:00,LONG,66536.224584,66886.38004799999,0.0909727694929332,6051.774267156836,34.282178455716384,4.841419413725469,2.4207097068627346,0.1512943566789209,26.86875497844926,0.013319443418899552,24,120,max_hold,ORNSTEIN_UHLENBECK,HIGH_VOLATILITY,0.4284232365145228,-0.0006520706299319656,-0.0006520706299319656,2044.1268440307279
2026-02-19 19:35:00,2026-02-19 19:40:00,2026-02-19 21:35:00,SHORT,66724.312468,67016.75067000001,0.09188785660288634,6132.380532092184,-24.413684620821055,4.905904425673747,2.4529522128368737,0.1533095133023046,-31.92585077263398,-0.015618331546236501,24,120,max_hold,ORNSTEIN_UHLENBECK,HIGH_VOLATILITY,0.4580941446613088,-0.0007092644495444132,-0.0007092644495444132,2012.2009932580938
2026-02-19 21:40:00,2026-02-19 21:45:00,2026-02-19 23:40:00,LONG,66971.381598,66952.096902,0.09015508051801258,6036.602979774281,0.6761631038855421,4.829282383819425,2.4146411919097126,0.15091507449435704,-6.718675546337953,-0.0033389684076535913,24,120,max_hold,MEAN_REVERSION,HIGH_VOLATILITY,0.4639981596503336,-0.0005607429538077292,-0.0005607429538077292,2005.482317711756
2026-02-20 06:20:00,2026-02-20 06:25:00,2026-02-20 08:20:00,SHORT,67695.148262,67914.31014599999,0.08885782538600684,6016.446953135268,-17.064256787128535,4.813157562508215,2.4065787812541073,0.1504111738283817,-24.43440430471924,-0.01218380440900559,24,120,max_hold,ORNSTEIN_UHLENBECK,MEAN_REVERTING,0.44855842185128986,-0.0007159063437208694,-0.0007159063437208694,1981.0479134070367
2026-02-20 09:00:00,2026-02-20 09:05:00,2026-02-20 11:00:00,SHORT,68167.673738,67933.844052,0.08716675787281164,5943.14374022111,22.754882142697696,4.7545149921768886,2.3772574960884443,0.14857859350552777,15.474531060926838,0.0078112856111155335,24,120,max_hold,ORNSTEIN_UHLENBECK,MEAN_REVERTING,0.44855842185128986,-0.0007159063437208694,-0.0007159063437208694,1996.5224444679636
2026-02-20 15:35:00,2026-02-20 15:40:00,2026-02-20 17:35:00,LONG,67142.30577600001,67289.729362,0.0892248959524409,5989.567333403891,15.552791613469589,4.791653866723113,2.3958269333615565,0.14973918333509728,8.215571630049823,0.004114940782566119,24,120,max_hold,ORNSTEIN_UHLENBECK,HIGH_VOLATILITY,0.4284232365145228,-0.0006520706299319656,-0.0006520706299319656,2004.7380160980135
2026-02-20 17:40:00,2026-02-20 17:45:00,2026-02-20 19:40:00,LONG,67251.4476,67597.07788000001,0.08944665290898064,6014.21404829404,33.32782287388664,4.811371238635233,2.4056856193176164,0.15035535120735102,25.96041066472644,0.012949527796781806,24,120,max_hold,ORNSTEIN_UHLENBECK,HIGH_VOLATILITY,0.4284232365145228,-0.0006520706299319656,-0.0006520706299319656,2030.69842676274
2026-02-20 19:45:00,2026-02-20 19:50:00,2026-02-20 21:45:00,SHORT,67569.4834,67815.38036400001,0.09014242161916784,6092.09528028822,-19.72496469870754,4.873676224230576,2.436838112115288,0.1523023820072055,-27.187781417060613,-0.013388389461847524,24,120,max_hold,ORNSTEIN_UHLENBECK,HIGH_VOLATILITY,0.4580941446613088,-0.0007092644495444132,-0.0007092644495444132,2003.5106453456792
2026-02-20 21:50:00,2026-02-20 21:55:00,2026-02-20 23:50:00,LONG,67809.879264,68003.366606,0.08865572550305145,6010.531936037038,19.561885832248414,4.80842554882963,2.404212774414815,0.15026329840092595,12.198984210603044,0.006088804289082412,24,120,max_hold,MEAN_REVERSION,HIGH_VOLATILITY,0.4639981596503336,-0.0005607429538077292,-0.0005607429538077292,2015.7096295562824
2026-02-21 14:20:00,2026-02-21 14:25:00,2026-02-21 16:20:00,SHORT,68486.3,68204.94826199999,0.08827925384918026,6047.128888668847,27.250922870703665,4.837703110935078,2.418851555467539,0.1511782222167212,19.843189982084326,0.009844270072992807,24,120,max_hold,ORNSTEIN_UHLENBECK,MEAN_REVERTING,0.44855842185128986,-0.0007159063437208694,-0.0007159063437208694,2035.5528195383667
2026-02-21 17:10:00,2026-02-21 17:15:00,2026-02-21 19:10:00,LONG,68278.112892,68577.621732,0.08945589635683195,6106.6584586151,29.2413434011208,4.885326766892081,2.4426633834460403,0.15266646146537752,21.760686789317305,0.01069030809736114,24,120,max_hold,ORNSTEIN_UHLENBECK,NO_TRADE,0.40409434801958166,-0.0007234345070650343,-0.0007234345070650343,2057.313506327684
2026-02-23 02:05:00,2026-02-23 02:10:00,2026-02-23 04:05:00,SHORT,64728.0518,64958.729148,0.095332795585225,6171.940518983052,-19.518436568118474,4.937552415186442,2.468776207593221,0.1542985129745763,-27.079063703872713,-0.01316234186991218,24,120,max_hold,MEAN_REVERSION,TRENDING,0.42857142857142855,0.00022454150646600952,0.00022454150646600952,2030.2344426238114
2026-02-23 04:10:00,2026-02-23 04:15:00,2026-02-23 06:10:00,SHORT,65010.025394000004,65376.862758,0.09366994014076911,6090.703327871434,-31.918968802368425,4.872562662297148,2.436281331148574,0.15226758319678588,-39.380080379010934,-0.019396814255656775,24,120,max_hold,MEAN_REVERSION,TRENDING,0.42857142857142855,0.00022454150646600952,0.00022454150646600952,1990.8543622448005
2026-02-24 00:00:00,2026-02-24 00:05:00,2026-02-24 01:15:00,SHORT,64689.519508,63774.187344458594,0.09230812996498745,5972.563086734402,86.86425269746663,4.778050469387521,2.3890252346937606,0.09332129823022503,79.60385569515512,0.03998477096305391,15,75,take_profit,MEAN_REVERSION,TRENDING,0.45963975983989325,-0.00046225649985731204,-0.00046225649985731204,2070.458217939956
2026-02-24 01:20:00,2026-02-24 01:25:00,2026-02-24 03:20:00,SHORT,64230.421345999996,63726.722796,0.09668521938282201,6211.3746538198675,51.174519767133255,4.969099723055894,2.484549861527947,0.1552843663454967,43.565585816203914,0.021041518944318698,24,120,max_hold,MEAN_REVERSION,TRENDING,0.4124223602484472,-0.0002565041544720882,-0.0002565041544720882,2114.02380375616
2026-02-24 03:25:00,2026-02-24 03:30:00,2026-02-24 04:15:00,LONG,63718.531158,62911.98754813122,0.09955251180887137,6342.07141126848,-77.77216811494766,5.0736571290147845,2.5368285645073922,0.06606324386738,-85.44871705233722,-0.04041994082588543,10,50,stop_loss,MOMENTUM,HIGH_VOLATILITY,0.5169974115616911,-0.00044468427386492085,-0.00044468427386492085,2028.5750867038225
2026-02-24 04:20:00,2026-02-24 04:25:00,2026-02-24 06:20:00,LONG,63291.00567,63253.206828,0.0961738929683133,6085.725260111468,-1.201211923173891,4.868580208089175,2.4342901040445875,0.15214313150278672,-8.656225366810439,-0.004267145654872312,24,120,max_hold,MOMENTUM,HIGH_VOLATILITY,0.5169974115616911,-0.00044468427386492085,-0.00044468427386492085,2019.918861337012
2026-02-24 07:15:00,2026-02-24 07:20:00,2026-02-24 09:15:00,LONG,63222.842039999996,63158.76572,0.09586675226484075,6059.7565840110365,-3.719629987875167,4.847805267208829,2.4239026336044147,0.15149391460027592,-11.142831803288688,-0.005516474951827072,24,120,max_hold,VOL_EXPANSION,HIGH_VOLATILITY,0.4755625627060341,-0.0007179208153524143,-0.0007179208153524143,2008.7760295337232
2026-02-24 21:15:00,2026-02-24 21:20:00,2026-02-24 23:15:00,LONG,64039.815402,64094.328570000005,0.09412165410505925,6026.32808860117,7.5429093599799035,4.821062470880936,2.410531235440468,0.15065820221502926,0.16065745144346963,7.99777820331525e-05,24,120,max_hold,MOMENTUM,HIGH_VOLATILITY,0.5089982481286829,-0.0006490732993168091,-0.0006490732993168091,2008.9366869851667
2026-02-25 03:15:00,2026-02-25 03:20:00,2026-02-25 05:15:00,LONG,65587.194816,65301.527082,0.09190841962183076,6026.8100609555,-23.84931580766938,4.821448048764401,2.4107240243822003,0.15067025152388752,-31.23215813233987,-0.015546611465994137,24,120,max_hold,MOMENTUM,HIGH_VOLATILITY,0.5089982481286829,-0.0006490732993168091,-0.0006490732993168091,1977.7045288528268
2026-02-25 05:20:00,2026-02-25 05:25:00,2026-02-25 07:20:00,LONG,65211.58971,65041.359126,0.09100069842900617,5933.11358655848,-13.120480699494324,4.746490869246784,2.373245434623392,0.148327839663962,-20.388544843028463,-0.010309196619403454,24,120,max_hold,MOMENTUM,HIGH_VOLATILITY,0.5089982481286829,-0.0006490732993168091,-0.0006490732993168091,1957.3159840097983
2026-02-25 07:40:00,2026-02-25 07:45:00,2026-02-25 09:40:00,LONG,64957.648932000004,65454.286523999996,0.09041463843261932,5871.947952029395,47.261539801498785,4.697558361623517,2.3487791808117584,0.1467986988007349,40.06840356026277,0.020471096076259392,24,120,max_hold,MEAN_REVERSION,HIGH_VOLATILITY,0.4639981596503336,-0.0005607429538077292,-0.0005607429538077292,1997.384387570061
2026-02-25 19:05:00,2026-02-25 19:10:00,2026-02-25 21:05:00,LONG,69053.187876,69165.01423,0.08679326440518705,5992.153162710183,12.105056586591788,4.7937225301681465,2.3968612650840733,0.14980382906775458,4.764668962271814,0.0023854541929549783,24,120,max_hold,VOL_EXPANSION,HIGH_VOLATILITY,0.4755625627060341,-0.0007179208153524143,-0.0007179208153524143,2002.149056532333
2026-02-25 21:55:00,2026-02-25 22:00:00,2026-02-25 23:40:00,LONG,68933.503944,67930.88678613958,0.08715135768974393,6006.447169596999,-84.99386645601996,4.805157735677599,2.4025788678387996,0.13139103183493434,-92.33299409137129,-0.0461169430867897,21,105,stop_loss,VOL_EXPANSION,HIGH_VOLATILITY,0.4755625627060341,-0.0007179208153524143,-0.0007179208153524143,1909.8160624409616
2026-02-26 00:00:00,2026-02-26 00:05:00,2026-02-26 02:00:00,LONG,67814.82025199999,67966.67394600001,0.08450356508600114,5729.448187322885,15.126983186045432,4.583558549858308,2.291779274929154,0.14323620468307213,8.108409156574899,0.004245649262270542,24,120,max_hold,MOMENTUM,HIGH_VOLATILITY,0.5169974115616911,-0.00044468427386492085,-0.00044468427386492085,1917.9244715975365
2026-02-26 02:05:00,2026-02-26 02:10:00,2026-02-26 04:05:00,LONG,68029.773234,68433.770508,0.08459419892053036,5753.773414792609,36.4846320524359,4.603018731834088,2.301509365917044,0.14384433536981525,29.43625961931495,0.01534797644810069,24,120,max_hold,MEAN_REVERSION,HIGH_VOLATILITY,0.4639981596503336,-0.0005607429538077292,-0.0005607429538077292,1947.3607312168515
2026-02-26 04:10:00,2026-02-26 04:15:00,2026-02-26 06:10:00,LONG,68539.975254,68446.25801,0.0852531765358096,5842.0821936505545,-5.65399066785569,4.673665754920444,2.336832877460222,0.14605205484126388,-12.810541355077618,-0.006578412078317234,24,120,max_hold,ORNSTEIN_UHLENBECK,HIGH_VOLATILITY,0.4813863928112965,-8.836613168161295e-05,-8.836613168161295e-05,1934.5501898617738
2026-02-26 16:50:00,2026-02-26 16:55:00,2026-02-26 18:50:00,LONG,66618.000936,67263.36463600001,0.08713577738959667,5803.650569585321,58.56744141464426,4.642920455668257,2.3214602278341285,0.14509126423963303,51.45796946690224,0.026599449182850603,24,120,max_hold,MOMENTUM,HIGH_VOLATILITY,0.5169974115616911,-0.00044468427386492085,-0.00044468427386492085,1986.0081593286761
2026-02-26 18:55:00,2026-02-26 19:00:00,2026-02-26 20:55:00,SHORT,67297.067894,67427.55281400001,0.08851548900277607,5958.024477986029,-9.16489373134762,4.766419582388823,2.3832097911944117,0.14895061194965073,-16.463473716880504,-0.00828973115722022,24,120,max_hold,ORNSTEIN_UHLENBECK,HIGH_VOLATILITY,0.40112596762843067,-0.00028929859093905605,-0.00028929859093905605,1969.5446856117956
2026-02-26 21:05:00,2026-02-26 21:10:00,2026-02-26 23:05:00,SHORT,67186.56,67482.583818,0.08792610203624086,5908.634056835386,-23.660034796931612,4.726907245468309,2.3634536227341547,0.14771585142088467,-30.898111516554962,-0.015687946428571204,24,120,max_hold,ORNSTEIN_UHLENBECK,HIGH_VOLATILITY,0.40112596762843067,-0.00028929859093905605,-0.00028929859093905605,1938.6465740952406
2026-02-27 10:40:00,2026-02-27 10:45:00,2026-02-27 11:35:00,LONG,66829.423212,66239.08102711987,0.08704403884763216,5815.9397222857215,-49.06920602639356,4.652751777828577,2.3263758889142885,0.0666409759845239,-56.114974669120954,-0.028945438234563005,11,55,stop_loss,ORNSTEIN_UHLENBECK,NO_TRADE,0.48284734133790735,-0.0005706037793934026,-0.0005706037793934026,1882.5315994261196
2026-02-27 11:40:00,2026-02-27 11:45:00,2026-02-27 13:40:00,LONG,66015.790518,66017.713816,0.08556626032824406,5647.594798278358,2.424092155099465,4.5180758386226865,2.2590379193113432,0.14118986995695895,-4.494211472791523,-0.0023873232588295257,24,120,max_hold,ORNSTEIN_UHLENBECK,NO_TRADE,0.48284734133790735,-0.0005706037793934026,-0.0005706037793934026,1878.037387953328
2026-02-28 07:30:00,2026-02-28 07:35:00,2026-02-28 09:30:00,LONG,63852.227891999995,63715.90427000001,0.08825438316458166,5634.112163859984,-9.779468198467185,4.507289731087988,2.253644865543994,0.1408528040964996,-16.681255599195666,-0.008882280888654075,24,120,max_hold,MOMENTUM,HIGH_VOLATILITY,0.5089982481286829,-0.0006490732993168091,-0.0006490732993168091,1861.3561323541323
2026-02-28 11:05:00,2026-02-28 11:10:00,2026-02-28 13:05:00,LONG,64067.670972,64012.784882,0.08717634223324189,5584.068397062397,-2.5516515371670954,4.467254717649918,2.233627358824959,0.13960170992655993,-9.392135323568532,-0.005045856169227497,24,120,max_hold,VOL_EXPANSION,HIGH_VOLATILITY,0.4755625627060341,-0.0007179208153524143,-0.0007179208153524143,1851.9639970305639
2026-02-28 15:10:00,2026-02-28 15:15:00,2026-02-28 17:10:00,LONG,64237.124855999995,64932.800842000004,0.08650765708999295,5555.891991091692,62.416139667000415,4.444713592873354,2.222356796436677,0.13889729977729232,55.61017197791309,0.03002767444025821,24,120,max_hold,MOMENTUM,HIGH_VOLATILITY,0.5169974115616911,-0.00044468427386492085,-0.00044468427386492085,1907.574169008477
2026-02-28 17:40:00,2026-02-28 17:45:00,2026-02-28 18:55:00,LONG,64970.951592,65970.5737465021,0.08809886435820076,5722.722507025431,90.3727401497722,4.5781780056203445,2.2890890028101722,0.08941753917227235,83.41605560216941,0.043728866199487064,15,75,take_profit,VOL_EXPANSION,HIGH_VOLATILITY,0.4755625627060341,-0.0007179208153524143,-0.0007179208153524143,1990.9902246106462
2026-02-28 19:00:00,2026-02-28 19:05:00,2026-02-28 20:20:00,LONG,65802.287826,66872.5352652215,0.09078962852726488,5972.970673831938,99.57647100290897,4.778376539065551,2.3891882695327755,0.09954951123053231,92.30935668308011,0.04636354088636067,16,80,take_profit,VOL_EXPANSION,HIGH_VOLATILITY,0.4755625627060341,-0.0007179208153524143,-0.0007179208153524143,2083.2995812937265
2026-02-28 20:50:00,2026-02-28 20:55:00,2026-02-28 22:50:00,LONG,66952.047732,67256.605988,0.0933675508873524,6249.89874388118,30.94200636406853,4.999918995104944,2.499959497552472,0.1562474685970295,23.285880402814083,0.011177403678233151,24,120,max_hold,VOL_EXPANSION,HIGH_VOLATILITY,0.4755625627060341,-0.0007179208153524143,-0.0007179208153524143,2106.5854616965407
2026-02-28 23:25:00,2026-02-28 23:30:00,2026-03-01 01:25:00,LONG,66909.44921400001,66337.759794,0.09447126542844178,6319.756385089622,-51.490618509118846,5.055805108071698,2.527902554035849,0.15799390962724055,-59.23232008085363,-0.02811769147649525,24,120,max_hold,VOL_EXPANSION,HIGH_VOLATILITY,0.4755625627060341,-0.0007179208153524143,-0.0007179208153524143,2047.353141615687
2026-03-01 02:15:00,2026-03-01 02:20:00,2026-03-01 04:15:00,LONG,67793.556,67170.423228,0.09061757782306079,6142.059424847061,-54.020762843439734,4.9136475398776485,2.4568237699388242,0.15355148562117651,-61.544785638877386,-0.030060659486574343,24,120,max_hold,VOL_EXPANSION,HIGH_VOLATILITY,0.4755625627060341,-0.0007179208153524143,-0.0007179208153524143,1985.8083559768097
2026-03-02 01:10:00,2026-03-02 01:15:00,2026-03-02 02:10:00,LONG,66936.43461,65960.6289250737,0.08901903108017983,5957.42506793043,-84.49920640878031,4.765940054344344,2.382970027172172,0.07446781334913037,-91.72258430364596,-0.04618904136825835,12,60,stop_loss,MEAN_REVERSION,HIGH_VOLATILITY,0.4639981596503336,-0.0005607429538077292,-0.0005607429538077292,1894.0857716731637
2026-03-03 05:15:00,2026-03-03 05:20:00,2026-03-03 07:15:00,SHORT,68504.2964,68235.354342,0.08293086947983729,5682.257315019491,24.57158731818059,4.545805852015593,2.2729029260077964,0.14205643287548728,17.610822107281713,0.009297795469803345,24,120,max_hold,MOMENTUM,TRENDING,0.4597568037058483,-0.0006756929812810691,-0.0006756929812810691,1911.6965937804455
2026-03-03 08:55:00,2026-03-03 09:00:00,2026-03-03 10:55:00,SHORT,66989.89934,66873.67206,0.08559413911466057,5735.089781341337,12.239961893396453,4.58807182507307,2.294035912536535,0.14337724453353343,5.214476911253315,0.002727669719252629,24,120,max_hold,MEAN_REVERSION,TRENDING,0.45963975983989325,-0.00046225649985731204,-0.00046225649985731204,1916.9110706916988
2026-03-03 11:00:00,2026-03-03 11:05:00,2026-03-03 12:10:00,SHORT,66971.09310200001,67614.9578340478,0.08585171301707449,5750.733212075096,-52.96600371201052,4.600586569660077,2.3002932848300386,0.08386485934276182,-59.9507484258434,-0.03127466335942791,14,70,stop_loss,MEAN_REVERSION,TRENDING,0.45963975983989325,-0.00046225649985731204,-0.00046225649985731204,1856.9603222658554
2026-03-03 12:15:00,2026-03-03 12:20:00,2026-03-03 14:15:00,SHORT,67527.751748,67125.502416,0.08248115251029618,5570.8809667975665,35.39926103436845,4.456704773438053,2.2283523867190267,0.13927202416993917,28.574931850041427,0.015388014222713391,24,120,max_hold,MOMENTUM,TRENDING,0.4597568037058483,-0.0006756929812810691,-0.0006756929812810691,1885.5352541158968
2026-03-03 14:20:00,2026-03-03 14:25:00,2026-03-03 14:45:00,SHORT,67169.36344,66207.81475381613,0.08419723146918094,5656.60576234769,83.20573845675884,4.5252846098781525,2.2626423049390763,0.029461488345560883,76.38835005359604,0.04051281984086453,5,25,take_profit,MEAN_REVERSION,TRENDING,0.45963975983989325,-0.00046225649985731204,-0.00046225649985731204,1961.9236041694928
2026-03-03 14:50:00,2026-03-03 14:55:00,2026-03-03 15:40:00,SHORT,66773.352658,67676.76010046674,0.0881278747299946,5885.770812508478,-77.2456204707548,4.708616650006783,2.3543083250033914,0.06131011263029665,-84.36985555839527,-0.043003639580609515,10,50,stop_loss,MEAN_REVERSION,TRENDING,0.4124223602484472,-0.0002565041544720882,-0.0002565041544720882,1877.5537486110975
2026-03-03 16:15:00,2026-03-03 16:20:00,2026-03-03 18:15:00,LONG,68378.1729,68277.821704,0.08239161035088816,5632.661245833293,-6.016235387822207,4.506128996666635,2.2530644983333175,0.14081653114583234,-12.916245413967992,-0.006879294626597327,24,120,max_hold,VOL_EXPANSION,HIGH_VOLATILITY,0.4755625627060341,-0.0007179208153524143,-0.0007179208153524143,1864.6375031971295
2026-03-03 18:30:00,2026-03-03 18:35:00,2026-03-03 20:30:00,LONG,68693.736,68364.57435,0.08144892995910584,5593.912509591389,-24.57721461516036,4.475130007673111,2.2375650038365555,0.13984781273978472,-31.429757439409812,-0.016855693069307027,24,120,max_hold,MEAN_REVERSION,HIGH_VOLATILITY,0.4639981596503336,-0.0005607429538077292,-0.0005607429538077292,1833.2077457577197
2026-03-04 00:10:00,2026-03-04 00:15:00,2026-03-04 02:10:00,LONG,68125.152306,68215.494172,0.0807443796560312,5499.623237273159,9.496346491346415,4.399698589818527,2.1998492949092636,0.13749058093182898,2.7593080256867952,0.001505180213247621,24,120,max_hold,MOMENTUM,HIGH_VOLATILITY,0.5089982481286829,-0.0006490732993168091,-0.0006490732993168091,1835.9670537834065
2026-03-04 08:00:00,2026-03-04 08:05:00,2026-03-04 08:45:00,LONG,69408.82899,70475.86492240726,0.07937034555612793,5507.90116135022,86.91155345119992,4.406320929080176,2.203160464540088,0.05163657338765831,80.250435484192,0.043710171878530525,9,45,take_profit,VOL_EXPANSION,HIGH_VOLATILITY,0.4755625627060341,-0.0007179208153524143,-0.0007179208153524143,1916.2174892675985
2026-03-04 10:15:00,2026-03-04 10:20:00,2026-03-04 12:15:00,LONG,71505.28819800001,70775.83200200001,0.08041086670925658,5748.652467802795,-56.36801756318887,4.598921974242237,2.2994609871211185,0.1437163116950699,-63.4101168362473,-0.03309129427708303,24,120,max_hold,VOL_EXPANSION,HIGH_VOLATILITY,0.4755625627060341,-0.0007179208153524143,-0.0007179208153524143,1852.8073724313513
2026-03-04 12:20:00,2026-03-04 12:25:00,2026-03-04 14:15:00,LONG,70684.134,71931.5750452133,0.07865320669724146,5558.422117294054,100.35867895449336,4.446737693835243,2.2233688469176216,0.1331705298935034,93.55540188384698,0.050493863137579524,23,115,take_profit,MOMENTUM,HIGH_VOLATILITY,0.5169974115616911,-0.00044468427386492085,-0.00044468427386492085,1946.3627743151983
2026-03-04 14:20:00,2026-03-04 14:25:00,2026-03-04 15:25:00,LONG,71607.66867,72891.47676945856,0.08155908786145075,5839.088322945595,107.06326556327242,4.671270658356476,2.335635329178238,0.07907098770655493,99.97728858803116,0.05136621492527611,13,65,take_profit,VOL_EXPANSION,HIGH_VOLATILITY,0.4755625627060341,-0.0007179208153524143,-0.0007179208153524143,2046.3400629032294
2026-03-04 15:30:00,2026-03-04 15:35:00,2026-03-04 17:30:00,LONG,72852.26754,73144.788116,0.08428355355413046,6139.020188709688,27.1157048494347,4.911216150967751,2.4556080754838754,0.1534755047177422,19.59540511826533,0.00957583027058782,24,120,max_hold,VOL_EXPANSION,HIGH_VOLATILITY,0.4755625627060341,-0.0007179208153524143,-0.0007179208153524143,2065.9354680214947
2026-03-04 17:55:00,2026-03-04 18:00:00,2026-03-04 19:55:00,LONG,73233.573786,73596.37778000001,0.08464759597093927,6197.806404064484,33.19624771192423,4.958245123251587,2.4791225616257937,0.1549451601016121,25.603934866945238,0.012393385593726032,24,120,max_hold,VOL_EXPANSION,HIGH_VOLATILITY,0.4755625627060341,-0.0007179208153524143,-0.0007179208153524143,2091.53940288844
2026-03-04 20:55:00,2026-03-04 21:00:00,2026-03-04 22:55:00,LONG,73034.293938,72691.318828,0.08593049639987953,6274.618208665319,-26.96756768517456,5.019694566932255,2.5098472834661276,0.15686545521663298,-34.65397499078958,-0.01656864553588235,24,120,max_hold,MOMENTUM,HIGH_VOLATILITY,0.5089982481286829,-0.0006490732993168091,-0.0006490732993168091,2056.88542789765
2026-03-04 23:00:00,2026-03-04 23:05:00,2026-03-05 01:00:00,LONG,72700.197132,72717.263638,0.08489509875390758,6170.65628369295,3.917908807492584,4.93652502695436,2.46826251347718,0.15426640709232375,-3.6411451400312798,-0.0017702226340107368,24,120,max_hold,MOMENTUM,HIGH_VOLATILITY,0.5169974115616911,-0.00044468427386492085,-0.00044468427386492085,2053.2442827576187
2026-03-05 15:05:00,2026-03-05 15:10:00,2026-03-05 16:05:00,LONG,71859.649056,70965.33059175251,0.08573608242981107,6159.732848272856,-74.22631369265433,4.927786278618285,2.4638931393091426,0.0769966606034107,-81.69498977118516,-0.039788246560445474,12,60,stop_loss,MOMENTUM,HIGH_VOLATILITY,0.5169974115616911,-0.00044468427386492085,-0.00044468427386492085,1971.5492929864336
2026-03-06 14:45:00,2026-03-06 14:50:00,2026-03-06 16:45:00,LONG,68433.48396,68578.43157,0.08644643625031496,5914.6478789593,14.899043287740923,4.73171830316744,2.36585915158372,0.1478661969739825,7.65359963601578,0.0038820229670354207,24,120,max_hold,MOMENTUM,HIGH_VOLATILITY,0.5169974115616911,-0.00044468427386492085,-0.00044468427386492085,1979.2028926224493
2026-03-06 17:25:00,2026-03-06 17:30:00,2026-03-06 19:25:00,LONG,68259.479166,68202.826706,0.08700324514871235,5937.608677867348,-2.55441527756599,4.750086942293879,2.3750434711469395,0.14844021694668372,-9.827985907953492,-0.004965628306520603,24,120,max_hold,MOMENTUM,HIGH_VOLATILITY,0.5089982481286829,-0.0006490732993168091,-0.0006490732993168091,1969.3749067144959
2026-03-06 20:25:00,2026-03-06 20:30:00,2026-03-06 22:25:00,LONG,67846.296546,68275.25221800001,0.08709843640589857,5908.124720143487,39.73256471964315,4.72649977611479,2.363249888057395,0.14770311800358718,32.49511193746738,0.016500216300449826,24,120,max_hold,MOMENTUM,HIGH_VOLATILITY,0.5089982481286829,-0.0006490732993168091,-0.0006490732993168091,2001.8700186519632
2026-03-08 23:40:00,2026-03-08 23:45:00,2026-03-09 01:40:00,LONG,66134.944344,66609.88535800001,0.0908265855146522,6005.610055955889,45.5486243697438,4.804488044764711,2.4022440223823556,0.15014025139889722,38.19175205119784,0.01907803788225758,24,120,max_hold,VOL_EXPANSION,HIGH_VOLATILITY,0.4755625627060341,-0.0007179208153524143,-0.0007179208153524143,2040.061770703161
2026-03-09 01:45:00,2026-03-09 01:50:00,2026-03-09 03:45:00,LONG,66506.318604,67122.47282,0.09204252284088589,6120.185312109483,59.17229708394836,4.896148249687586,2.448074124843793,0.15300463280273707,51.67507007661425,0.025330149713458466,24,120,max_hold,VOL_EXPANSION,HIGH_VOLATILITY,0.4755625627060341,-0.0007179208153524143,-0.0007179208153524143,2091.7368407797753
2026-03-09 04:20:00,2026-03-09 04:25:00,2026-03-09 06:20:00,LONG,67387.17474,67563.594578,0.09314035777075219,6275.210522339326,18.945680174149427,5.020168417871461,2.5100842089357305,0.15688026305848315,11.258547284283754,0.005382391830937345,24,120,max_hold,MEAN_REVERSION,HIGH_VOLATILITY,0.4639981596503336,-0.0005607429538077292,-0.0005607429538077292,2102.995388064059
2026-03-09 06:25:00,2026-03-09 06:30:00,2026-03-09 08:25:00,LONG,67521.74164800001,67799.947298,0.0934550532526426,6308.986164192178,28.5290241064333,5.047188931353743,2.5235944656768714,0.15772465410480446,20.800516055297884,0.009890899510933346,24,120,max_hold,MEAN_REVERSION,HIGH_VOLATILITY,0.4639981596503336,-0.0005607429538077292,-0.0005607429538077292,2123.795904119357
2026-03-09 15:05:00,2026-03-09 15:10:00,2026-03-09 17:05:00,LONG,69008.488938,69024.172404,0.09234605898451129,6371.387712358071,3.9976608934389293,5.097110169886458,2.548555084943229,0.1592846928089518,-3.807289054199709,-0.001792681230251464,24,120,max_hold,VOL_EXPANSION,HIGH_VOLATILITY,0.4755625627060341,-0.0007179208153524143,-0.0007179208153524143,2119.9886150651573
2026-03-09 17:20:00,2026-03-09 17:25:00,2026-03-09 19:20:00,LONG,68790.10527,69008.21559600001,0.09247315167489219,6359.965845195472,22.717879171970814,5.087972676156378,2.543986338078189,0.1589991461298868,14.926921011606364,0.00704103828932477,24,120,max_hold,VOL_EXPANSION,HIGH_VOLATILITY,0.4755625627060341,-0.0007179208153524143,-0.0007179208153524143,2134.9155360767636
2026-03-09 19:35:00,2026-03-09 19:40:00,2026-03-09 21:35:00,LONG,69084.204078,68937.2098,0.09272781879804487,6404.746608230291,-11.070774286298198,5.1237972865842325,2.5618986432921163,0.16011866520575727,-18.916588881380306,-0.008860579522570928,24,120,max_hold,VOL_EXPANSION,HIGH_VOLATILITY,0.4755625627060341,-0.0007179208153524143,-0.0007179208153524143,2115.998947195383
2026-03-10 14:15:00,2026-03-10 14:20:00,2026-03-10 14:45:00,LONG,69608.31887999999,70661.91442797355,0.09121419024499314,6347.9968415861495,98.66179584994183,5.07839747326892,2.53919873663446,0.03967498025991344,91.00452465977853,0.04300783078384751,6,30,take_profit,MOMENTUM,HIGH_VOLATILITY,0.5169974115616911,-0.00044468427386492085,-0.00044468427386492085,2207.0034718551615
2026-03-10 16:00:00,2026-03-10 16:05:00,2026-03-10 18:00:00,LONG,71231.84352000001,70843.53845800001,0.09296873828331036,6621.010415565484,-33.4585192207806,5.296808332452388,2.648404166226194,0.16552526038913712,-41.56925697984832,-0.018835157039832864,24,120,max_hold,VOL_EXPANSION,HIGH_VOLATILITY,0.4755625627060341,-0.0007179208153524143,-0.0007179208153524143,2165.434214875313
2026-03-10 18:05:00,2026-03-10 18:10:00,2026-03-10 20:05:00,LONG,70748.09679,70084.060384,0.09184136676413433,6496.302644625939,-58.399169884309316,5.197042115700752,2.598521057850376,0.1624075661156485,-66.3571406239761,-0.030643803523625848,24,120,max_hold,MEAN_REVERSION,HIGH_VOLATILITY,0.4639981596503336,-0.0005607429538077292,-0.0005607429538077292,2099.077074251337
2026-03-10 21:25:00,2026-03-10 21:30:00,2026-03-10 23:25:00,LONG,69955.46829599999,69807.405726,0.0900357158978336,6297.231222754011,-10.814189836488637,5.0377849782032085,2.5188924891016042,0.15743078056885026,-18.5282980843623,-0.008826878398912845,24,120,max_hold,VOL_EXPANSION,HIGH_VOLATILITY,0.4755625627060341,-0.0007179208153524143,-0.0007179208153524143,2080.5487761669747
2026-03-11 14:30:00,2026-03-11 14:35:00,2026-03-11 16:30:00,LONG,70507.038588,70699.10735,0.08854285732019297,6241.646328500924,19.506876896211665,4.993317062800739,2.4966585314003695,0.1560411582125231,11.860860143798035,0.005700832530179596,24,120,max_hold,MEAN_REVERSION,HIGH_VOLATILITY,0.4639981596503336,-0.0005607429538077292,-0.0005607429538077292,2092.409636310773
2026-03-11 16:55:00,2026-03-11 17:00:00,2026-03-11 18:55:00,LONG,70584.824142,70603.516472,0.08894949347870126,6277.2289089323185,4.174399728954304,5.021783127145855,2.5108915635729274,0.15693072272330796,-3.515205684487786,-0.001679979686332172,24,120,max_hold,VOL_EXPANSION,HIGH_VOLATILITY,0.4755625627060341,-0.0007179208153524143,-0.0007179208153524143,2088.894430626285
2026-03-11 19:05:00,2026-03-11 19:10:00,2026-03-11 21:05:00,LONG,70475.772336,70695.298112,0.08893746632040075,6266.683291878855,22.035146655543556,5.013346633503084,2.506673316751542,0.15666708229697138,14.35845962299196,0.006873712434901297,24,120,max_hold,VOL_EXPANSION,HIGH_VOLATILITY,0.4755625627060341,-0.0007179208153524143,-0.0007179208153524143,2103.2528902492772
2026-03-12 16:35:00,2026-03-12 16:40:00,2026-03-12 18:35:00,LONG,70446.15641400001,69995.278144,0.0895864436576666,6309.758670747831,-37.876252514025474,5.047806936598265,2.5239034682991326,0.1577439667686958,-45.60570688569157,-0.021683415768555717,24,120,max_hold,MEAN_REVERSION,HIGH_VOLATILITY,0.4639981596503336,-0.0005607429538077292,-0.0005607429538077292,2057.6471833635856
2026-03-13 14:05:00,2026-03-13 14:10:00,2026-03-13 14:45:00,LONG,73413.07968,72733.89835493568,0.08410185440133242,6172.941550090756,-54.66216472557231,4.938353240072606,2.469176620036303,0.051441179584089634,-62.12113576526531,-0.030190372901401592,8,40,stop_loss,ORNSTEIN_UHLENBECK,NO_TRADE,0.42024720423778694,-0.00013360762953308042,-0.00013360762953308042,1995.5260475983202
2026-03-14 00:10:00,2026-03-14 00:15:00,2026-03-14 02:10:00,SHORT,70875.202124,70876.782522,0.08444957683076026,5986.5781427949605,2.2607151717597262,4.789262514235968,2.394631257117984,0.149664453569874,-5.0728430531641004,-0.0025421081620404956,24,120,max_hold,MEAN_REVERSION,TRENDING,0.4124223602484472,-0.0002565041544720882,-0.0002565041544720882,1990.453204545156
2026-03-14 08:35:00,2026-03-14 08:40:00,2026-03-14 10:35:00,SHORT,70598.257524,70497.30664200001,0.08456533562012027,5971.359613635468,10.923304402051052,4.777087690908375,2.3885438454541874,0.1492839903408867,3.608388875347603,0.0018128478816321462,24,120,max_hold,MEAN_REVERSION,TRENDING,0.45963975983989325,-0.00046225649985731204,-0.00046225649985731204,1994.0615934205036
2026-03-14 12:45:00,2026-03-14 12:50:00,2026-03-14 14:45:00,SHORT,70717.8536,70671.861546,0.08457536589183837,5982.184780261511,6.281412424786861,4.785747824209209,2.3928739121046045,0.14955461950653778,-1.0467639310334902,-0.0005249406209353488,24,120,max_hold,VOL_EXPANSION,TRENDING,0.4449968924798011,-0.0006392571087568396,-0.0006392571087568396,1993.0148294894702
2026-03-14 14:55:00,2026-03-14 15:00:00,2026-03-14 16:55:00,SHORT,70585.110154,70686.664506,0.08468993908953981,5979.044488468411,-6.207772535264105,4.783235590774729,2.3916177953873645,0.14947611221171028,-13.53210203363791,-0.006789764849418751,24,120,max_hold,MEAN_REVERSION,TRENDING,0.45963975983989325,-0.00046225649985731204,-0.00046225649985731204,1979.4827274558322
2026-03-16 06:25:00,2026-03-16 06:30:00,2026-03-16 08:25:00,LONG,73725.732198,73337.389588,0.08056394551704564,5938.448182367497,-28.916816964434062,4.750758545893998,2.375379272946999,0.14846120455918743,-36.191415987834255,-0.018283269404603474,24,120,max_hold,VOL_EXPANSION,HIGH_VOLATILITY,0.4755625627060341,-0.0007179208153524143,-0.0007179208153524143,1943.291311467998
2026-03-16 08:30:00,2026-03-16 08:35:00,2026-03-16 10:30:00,LONG,73257.74862,73291.268814,0.07959622045495061,5829.873934403994,5.001030531183927,4.663899147523195,2.3319495737615976,0.14574684836009985,-2.1405650384609656,-0.0011015152621888396,24,120,max_hold,MOMENTUM,HIGH_VOLATILITY,0.5089982481286829,-0.0006490732993168091,-0.0006490732993168091,1941.150746429537
2026-03-16 10:35:00,2026-03-16 10:40:00,2026-03-16 12:35:00,LONG,73246.43635799999,73792.718504,0.07952082339225372,5823.452239288611,45.779342818686494,4.658761791430889,2.3293808957154445,0.14558630598221528,38.645613825557945,0.019908610341902038,24,120,max_hold,VOL_EXPANSION,HIGH_VOLATILITY,0.4755625627060341,-0.0007179208153524143,-0.0007179208153524143,1979.7963602550951
2026-03-17 02:30:00,2026-03-17 02:35:00,2026-03-17 03:40:00,LONG,75303.217632,74395.3569366159,0.07888875330151893,5939.389080765285,-69.2580944168784,4.751511264612228,2.375755632306114,0.0866160907611604,-76.47197740455789,-0.03862618344984963,14,70,stop_loss,MOMENTUM,HIGH_VOLATILITY,0.5089982481286829,-0.0006490732993168091,-0.0006490732993168091,1903.3243828505372
2026-03-18 19:10:00,2026-03-18 19:15:00,2026-03-18 20:10:00,LONG,71356.278402,70486.61529646706,0.08003661725470886,5709.973148551611,-67.3343707328065,4.567978518841289,2.2839892594206446,0.07137466435689514,-74.25771317542534,-0.03901474380536877,12,60,stop_loss,MOMENTUM,HIGH_VOLATILITY,0.5089982481286829,-0.0006490732993168091,-0.0006490732993168091,1829.0666696751118
2026-03-19 11:35:00,2026-03-19 11:40:00,2026-03-19 12:50:00,SHORT,70013.164566,69321.08756655174,0.07835815739841172,5487.200009025335,56.41347576304447,4.389760007220268,2.194880003610134,0.08573750014102086,49.74309825207304,0.027195891257976213,15,75,take_profit,ORNSTEIN_UHLENBECK,NO_TRADE,0.39391979301423025,-0.0004640027989382437,-0.0004640027989382437,1878.8097679271848
2026-03-19 19:45:00,2026-03-19 19:50:00,2026-03-19 21:45:00,LONG,70385.504286,70393.198544,0.08009542088005821,5636.429303781554,2.871420838550272,4.509143443025244,2.254571721512622,0.14091073259453887,-4.033205058582133,-0.0021466809080047554,24,120,max_hold,VOL_EXPANSION,HIGH_VOLATILITY,0.4755625627060341,-0.0007179208153524143,-0.0007179208153524143,1874.7765628686027
2026-03-21 19:40:00,2026-03-21 19:45:00,2026-03-21 21:40:00,SHORT,70333.56047400001,70361.04939599999,0.07995052126995333,5624.329688605808,0.05196783882590493,4.4994637508846465,2.2497318754423232,0.1406082422151452,-6.83783602971621,-0.0036472805160597975,24,120,max_hold,ORNSTEIN_UHLENBECK,LOW_VOLATILITY,0.45892351274787535,-0.00038491967729582756,-0.00038491967729582756,1867.9387268388864
2026-03-22 23:50:00,2026-03-22 23:55:00,2026-03-23 01:50:00,LONG,67883.00388599999,67899.37740800001,0.08256760341904536,5603.816180516659,3.5941677768326628,4.483052944413328,2.241526472206664,0.1400954045129165,-3.2705070443002455,-0.001750864199831076,24,120,max_hold,ORNSTEIN_UHLENBECK,NO_TRADE,0.48284734133790735,-0.0005706037793934026,-0.0005706037793934026,1864.668219794586
2026-03-23 19:50:00,2026-03-23 19:55:00,2026-03-23 21:50:00,LONG,70783.60389,70874.252314,0.0790454731439026,5594.004659383758,9.404830394661595,4.475203727507006,2.237601863753503,0.13985011648459394,2.552174686916491,0.0013687017667934737,24,120,max_hold,MOMENTUM,HIGH_VOLATILITY,0.5089982481286829,-0.0006490732993168091,-0.0006490732993168091,1867.2203944815026
2026-03-24 11:35:00,2026-03-24 11:40:00,2026-03-24 13:05:00,LONG,71245.7463,70740.4448787066,0.078640224948857,5601.6611834445075,-37.50385373485926,4.481328946755606,2.240664473377803,0.10503114718958452,-44.330878302182256,-0.02374164208638704,18,90,stop_loss,MEAN_REVERSION,TRENDING,0.42565597667638483,-0.0005421302006394861,-0.0005421302006394861,1822.8895161793203
2026-03-24 15:25:00,2026-03-24 15:30:00,2026-03-24 17:00:00,LONG,70043.615922,69299.86619693851,0.07809080399759416,5468.66854853796,-55.90372732909162,4.374934838830368,2.187467419415184,0.10823406502314713,-62.574363652360326,-0.034327019326718645,19,95,stop_loss,ORNSTEIN_UHLENBECK,NO_TRADE,0.48284734133790735,-0.0005706037793934026,-0.0005706037793934026,1760.31515252696
2026-03-25 00:35:00,2026-03-25 00:40:00,2026-03-25 02:35:00,LONG,70911.57947999999,70701.10695,0.07448715266823437,5280.9454575808795,-13.567834858518683,4.224756366064704,2.112378183032352,0.132023636439522,-20.03699304405526,-0.01138261692248223,24,120,max_hold,ORNSTEIN_UHLENBECK,NO_TRADE,0.40409434801958166,-0.0007234345070650343,-0.0007234345070650343,1740.2781594829048
2026-03-25 04:55:00,2026-03-25 05:00:00,2026-03-25 06:55:00,LONG,70982.833728,70977.631634,0.07356537307814712,5220.834478448714,1.705981001682133,4.176667582758972,2.088333791379486,0.13052086196121787,-4.6895412344175424,-0.0026947078596969596,24,120,max_hold,ORNSTEIN_UHLENBECK,NO_TRADE,0.40409434801958166,-0.0007234345070650343,-0.0007234345070650343,1735.5886182484874
2026-03-25 07:00:00,2026-03-25 07:05:00,2026-03-25 09:00:00,LONG,71053.86793200001,71241.23890200001,0.07329378905734434,5206.765854745462,15.81899849224622,4.16541268379637,2.082706341898185,0.13016914636863655,9.44071032018303,0.005439486189826688,24,120,max_hold,ORNSTEIN_UHLENBECK,NO_TRADE,0.40409434801958166,-0.0007234345070650343,-0.0007234345070650343,1745.0293285686703
2026-03-25 09:20:00,2026-03-25 09:25:00,2026-03-25 11:20:00,LONG,71247.826716,71685.120108,0.07349185574705092,5235.087985706011,34.238385755436795,4.1880703885648085,2.0940351942824043,0.13087719964265027,27.82540297294693,0.015945521669696077,24,120,max_hold,ORNSTEIN_UHLENBECK,NO_TRADE,0.40409434801958166,-0.0007234345070650343,-0.0007234345070650343,1772.8547315416172
2026-03-25 11:25:00,2026-03-25 11:30:00,2026-03-25 12:15:00,LONG,71884.664058,71331.140187073,0.07400226428229038,5318.564194624852,-38.84236257756134,4.2548513556998815,2.1274256778499407,0.05540171036067554,-45.28004132147184,-0.02554075103609746,10,50,stop_loss,ORNSTEIN_UHLENBECK,NO_TRADE,0.42024720423778694,-0.00013360762953308042,-0.00013360762953308042,1727.5746902201454
2026-03-27 14:30:00,2026-03-27 14:35:00,2026-03-27 16:30:00,LONG,65909.369238,65937.35989,0.0786498289303287,5182.724070660436,4.275404700652465,4.146179256528349,2.0730896282641744,0.1295681017665109,-2.073432285906569,-0.001200198346065345,24,120,max_hold,MOMENTUM,HIGH_VOLATILITY,0.5169974115616911,-0.00044468427386492085,-0.00044468427386492085,1725.5012579342388
2026-03-30 01:30:00,2026-03-30 01:35:00,2026-03-30 03:30:00,LONG,66716.400612,67213.884534,0.07760519193276466,5176.503773802717,40.686073974590585,4.141203019042174,2.070601509521087,0.12941259434506794,34.34485685168225,0.019904278072100472,24,120,max_hold,MEAN_REVERSION,HIGH_VOLATILITY,0.4639981596503336,-0.0005607429538077292,-0.0005607429538077292,1759.846114785921
2026-03-30 04:40:00,2026-03-30 04:45:00,2026-03-30 06:40:00,LONG,67433.253954,67351.62698,0.07830845973455208,5279.538344357763,-4.281123493688031,4.223630675486211,2.1118153377431055,0.1319884586089441,-10.748557965526292,-0.006107669230405305,24,120,max_hold,VOL_EXPANSION,HIGH_VOLATILITY,0.4755625627060341,-0.0007179208153524143,-0.0007179208153524143,1749.0975568203946
2026-03-30 07:20:00,2026-03-30 07:25:00,2026-03-30 09:20:00,LONG,67321.17154200001,67516.613976,0.07795975632600163,5247.292670461184,17.339029404465588,4.1978341363689475,2.0989170681844738,0.1311823167615296,10.911095883150638,0.00623812882283446,24,120,max_hold,VOL_EXPANSION,HIGH_VOLATILITY,0.4755625627060341,-0.0007179208153524143,-0.0007179208153524143,1760.0086527035453
2026-03-31 15:40:00,2026-03-31 15:45:00,2026-03-31 16:40:00,LONG,66948.376998,67968.31173064806,0.07888289754148967,5280.025958110636,82.58393418456427,4.2240207664885085,2.1120103832442543,0.06600032447638295,76.18190271035513,0.04328495919229277,12,60,take_profit,VOL_EXPANSION,HIGH_VOLATILITY,0.4755625627060341,-0.0007179208153524143,-0.0007179208153524143,1836.1905554139005
2026-03-31 16:50:00,2026-03-31 16:55:00,2026-03-31 18:50:00,LONG,67686.71463599999,67782.850718,0.08139962783249882,5508.571666241702,10.030876137799376,4.406857332993361,2.2034286664966807,0.13771429165604254,3.282875846653292,0.0017878731795967061,24,120,max_hold,VOL_EXPANSION,HIGH_VOLATILITY,0.4755625627060341,-0.0007179208153524143,-0.0007179208153524143,1839.4734312605538
2026-03-31 19:35:00,2026-03-31 19:40:00,2026-03-31 21:35:00,LONG,67787.334756,68083.96048400001,0.08142411849806312,5518.420293781661,26.36512956967307,4.4147362350253285,2.2073681175126643,0.13796050734454152,19.605064709790536,0.010657976558191212,24,120,max_hold,VOL_EXPANSION,HIGH_VOLATILITY,0.4755625627060341,-0.0007179208153524143,-0.0007179208153524143,1859.0784959703442
2026-03-31 21:55:00,2026-03-31 22:00:00,2026-03-31 23:55:00,LONG,68291.6556,68270.823104,0.08168422460984552,5577.235487911033,0.5293137754719358,4.4617883903288265,2.2308941951644132,0.13943088719777583,-6.302799697219079,-0.003390281642695963,24,120,max_hold,VOL_EXPANSION,HIGH_VOLATILITY,0.4755625627060341,-0.0007179208153524143,-0.0007179208153524143,1852.775696273125
2026-04-01 17:00:00,2026-04-01 17:05:00,2026-04-01 18:00:00,SHORT,69063.354566,68227.6754571836,0.08046547200499636,5558.327088819375,69.4527542203094,4.4466616710555,2.22333083552775,0.06947908861024218,62.713282625115916,0.03384828652020007,12,60,take_profit,ORNSTEIN_UHLENBECK,MEAN_REVERTING,0.44855842185128986,-0.0007159063437208694,-0.0007159063437208694,1915.488978898241
2026-04-02 05:20:00,2026-04-02 05:25:00,2026-04-02 07:20:00,LONG,66492.835908,66678.921548,0.0864396314519433,5746.466936694723,18.387438402458077,4.597173549355778,2.298586774677889,0.14366167341736807,11.348016405007042,0.005924344399796152,24,120,max_hold,ORNSTEIN_UHLENBECK,NO_TRADE,0.48284734133790735,-0.0005706037793934026,-0.0005706037793934026,1926.836995303248
2026-04-02 07:25:00,2026-04-02 07:30:00,2026-04-02 09:25:00,SHORT,66666.474038,66492.025746,0.08669057374203291,5780.510985909744,17.431740568048294,4.624408788727795,2.3122043943638975,0.1445127746477436,10.350614610308858,0.005371816420142932,24,120,max_hold,ORNSTEIN_UHLENBECK,NO_TRADE,0.39391979301423025,-0.0004640027989382437,-0.0004640027989382437,1937.1876099135568
2026-04-02 09:30:00,2026-04-02 09:35:00,2026-04-02 11:30:00,SHORT,66438.22969600001,66394.91632799999,0.08745567941471723,5811.56282974067,6.111402877501068,4.649250263792537,2.3246251318962683,0.14528907074351677,-1.0077615889312534,-0.000520218890402785,24,120,max_hold,ORNSTEIN_UHLENBECK,NO_TRADE,0.39391979301423025,-0.0004640027989382437,-0.0004640027989382437,1936.1798483246255
2026-04-02 11:35:00,2026-04-02 11:40:00,2026-04-02 13:35:00,SHORT,66340.739198,65835.22715997417,0.08753863624781497,5808.539544973876,46.565937046214394,4.646831635979101,2.3234158179895505,0.1452134886243469,39.45047610362139,0.020375419224488805,24,120,take_profit,ORNSTEIN_UHLENBECK,NO_TRADE,0.39391979301423025,-0.0004640027989382437,-0.0004640027989382437,1975.630324428247
2026-04-02 13:40:00,2026-04-02 13:45:00,2026-04-02 14:05:00,SHORT,65853.52666,66301.60665975549,0.08998311701185487,5926.8909732847405,-37.94129040127583,4.741512778627793,2.3707563893138963,0.030869223819191355,-45.08442879303671,-0.022820275754819805,5,25,stop_loss,ORNSTEIN_UHLENBECK,NO_TRADE,0.39391979301423025,-0.0004640027989382437,-0.0004640027989382437,1930.5458956352102
2026-04-02 14:30:00,2026-04-02 14:35:00,2026-04-02 14:35:00,SHORT,66513.26468600001,67003.74691687974,0.08705751231283425,5791.63768690563,-40.37543269273767,4.633310149524505,2.3166550747622523,0.0060329559238600314,-47.33143087294828,-0.024517122840726227,1,5,stop_loss,ORNSTEIN_UHLENBECK,NO_TRADE,0.3866584311303274,-0.000526924037242394,-0.000526924037242394,1883.214464762262
2026-04-03 14:40:00,2026-04-03 14:45:00,2026-04-03 16:40:00,SHORT,66801.197088,66988.304982,0.08455706951129793,5649.643394286786,-13.5587260961373,4.519714715429429,2.2598573577147145,0.14124108485716966,-20.479539254138615,-0.010874778012457526,24,120,max_hold,ORNSTEIN_UHLENBECK,NO_TRADE,0.43406985032074125,-0.0006153701161473847,-0.0006153701161473847,1862.7349255081233
2026-04-04 10:40:00,2026-04-04 10:45:00,2026-04-04 11:00:00,SHORT,67036.59999799999,67207.99720473276,0.08334383211164875,5588.20477652437,-12.047208669997742,4.470563821219496,2.235281910609748,0.02328418656885154,-18.776338588395838,-0.010079984184155436,4,20,stop_loss,ORNSTEIN_UHLENBECK,MEAN_REVERTING,0.44855842185128986,-0.0007159063437208694,-0.0007159063437208694,1843.9585869197274
2026-04-04 11:05:00,2026-04-04 11:10:00,2026-04-04 13:05:00,SHORT,67184.27045800001,67120.77147,0.08232238510448023,5531.875760759182,7.438650718041051,4.425500608607346,2.212750304303673,0.13829689401897957,0.6621029111110516,0.0003590660418339833,24,120,max_hold,ORNSTEIN_UHLENBECK,MEAN_REVERTING,0.44855842185128986,-0.0007159063437208694,-0.0007159063437208694,1844.6206898308385
2026-04-04 13:10:00,2026-04-04 13:15:00,2026-04-04 15:05:00,SHORT,67095.818152,67285.83408863834,0.08246050870927037,5533.862069492516,-13.452575455177495,4.4270896555940125,2.2135448277970062,0.1325821120815915,-20.225792050650107,-0.010964743137791064,23,115,stop_loss,ORNSTEIN_UHLENBECK,MEAN_REVERTING,0.44855842185128986,-0.0007159063437208694,-0.0007159063437208694,1824.3948977801883
2026-04-04 17:15:00,2026-04-04 17:20:00,2026-04-04 19:15:00,SHORT,67350.59718600001,67453.748052,0.08124783275922261,5473.184693340565,-6.190272377924358,4.378547754672452,2.189273877336226,0.13682961733351412,-12.89492362726655,-0.00706805508114296,24,120,max_hold,ORNSTEIN_UHLENBECK,MEAN_REVERTING,0.44855842185128986,-0.0007159063437208694,-0.0007159063437208694,1811.4999741529218
2026-04-05 22:00:00,2026-04-05 22:05:00,2026-04-05 22:45:00,SHORT,67732.4508,68215.67224100466,0.0802187571584856,5434.4999224587655,-36.582306999343345,4.347599937967012,2.173799968983506,0.05094843677305093,-43.15465534306691,-0.02382260886492506,9,45,stop_loss,ORNSTEIN_UHLENBECK,MEAN_REVERTING,0.44855842185128986,-0.0007159063437208694,-0.0007159063437208694,1768.345318809855
2026-04-06 00:30:00,2026-04-06 00:35:00,2026-04-06 02:30:00,LONG,69131.07345,69327.301766,0.07675415263815567,5305.035956429565,17.186789858735505,4.244028765143653,2.1220143825718263,0.13262589891073914,10.688120812109286,0.006044136684402052,24,120,max_hold,MEAN_REVERSION,TRENDING,0.4500970873786408,-0.00044867865494584185,-0.00044867865494584185,1779.0334396219641
2026-04-06 02:35:00,2026-04-06 02:40:00,2026-04-06 04:35:00,LONG,69290.72537399999,69194.098412,0.07704014801572145,5337.100318865892,-5.3103774027232,4.269680255092714,2.134840127546357,0.13342750797164732,-11.84832529333392,-0.006659978969170827,24,120,max_hold,MEAN_REVERSION,TRENDING,0.4500970873786408,-0.00044867865494584185,-0.00044867865494584185,1767.18511432863
2026-04-06 04:40:00,2026-04-06 04:45:00,2026-04-06 06:40:00,LONG,69197.906814,68912.86467,0.07662971176725927,5301.55534298589,-19.72602040312904,4.241244274388713,2.1206221371943563,0.13253888357464727,-26.220425698286757,-0.01483739619901005,24,120,max_hold,MEAN_REVERSION,TRENDING,0.4500970873786408,-0.00044867865494584185,-0.00044867865494584185,1740.9646886303433
2026-04-06 22:50:00,2026-04-06 22:55:00,2026-04-07 00:50:00,SHORT,68930.80108199999,68882.543754,0.07575495141665256,5222.89406589103,5.74374041641029,4.178315252712824,2.089157626356412,0.13057235164727574,-0.654304814306221,-0.00037582888302058415,24,120,max_hold,MEAN_REVERSION,TRENDING,0.4124223602484472,-0.0002565041544720882,-0.0002565041544720882,1740.310383816037
2026-04-07 20:55:00,2026-04-07 21:00:00,2026-04-07 21:10:00,LONG,69333.253878,70132.13122245336,0.07531703829834786,5220.931151448111,62.269901988853555,4.176744921158489,2.0883724605792446,0.01631540984827535,55.98846919726755,0.03217154233976341,3,15,take_profit,MEAN_REVERSION,TRENDING,0.42565597667638483,-0.0005421302006394861,-0.0005421302006394861,1796.2988530133046
2026-04-08 00:25:00,2026-04-08 00:30:00,2026-04-08 02:25:00,LONG,71939.224968,71450.846972,0.07492399787110982,5388.896559039914,-34.44256182134893,4.311117247231931,2.1555586236159656,0.13472241397599785,-41.04396010617283,-0.022849182382609266,24,120,max_hold,MEAN_REVERSION,TRENDING,0.4500970873786408,-0.00044867865494584185,-0.00044867865494584185,1755.2548929071318
2026-04-08 02:30:00,2026-04-08 02:35:00,2026-04-08 04:30:00,LONG,71373.92193,71518.563426,0.0737919073134663,5265.764678721395,12.782234184838831,4.212611742977116,2.106305871488558,0.13164411696803488,6.331672453405121,0.0036072666590994777,24,120,max_hold,MEAN_REVERSION,TRENDING,0.42565597667638483,-0.0005421302006394861,-0.0005421302006394861,1761.586565360537
2026-04-08 04:35:00,2026-04-08 04:40:00,2026-04-08 06:35:00,LONG,71623.83190199999,71794.658196,0.07379969079639857,5284.759696081611,14.72377631079033,4.227807756865289,2.1139038784326445,0.13211899240204028,8.249945683090356,0.004683247389208984,24,120,max_hold,MEAN_REVERSION,TRENDING,0.42565597667638483,-0.0005421302006394861,-0.0005421302006394861,1769.8365110436273
2026-04-08 22:20:00,2026-04-08 22:25:00,2026-04-09 00:20:00,SHORT,71285.749998,70949.73711,0.07446716393350972,5309.509533130882,27.14030256720612,4.247607626504706,2.123803813252353,0.13273773832827207,20.636153389120786,0.011659920710389331,24,120,max_hold,MEAN_REVERSION,TRENDING,0.45963975983989325,-0.00046225649985731204,-0.00046225649985731204,1790.4726644327482
2026-04-09 13:35:00,2026-04-09 13:40:00,2026-04-09 15:10:00,SHORT,70937.519658,71314.70394167028,0.07570526479627121,5371.417993298244,-26.400988677194764,4.297134394638595,2.1485671973192977,0.10630931445069441,-32.95299958360335,-0.01840463707612281,19,95,stop_loss,ORNSTEIN_UHLENBECK,NO_TRADE,0.3866584311303274,-0.000526924037242394,-0.000526924037242394,1757.5196648491449
2026-04-09 16:30:00,2026-04-09 16:35:00,2026-04-09 18:30:00,LONG,71952.107544,71846.157894,0.07329338481324449,5272.558994547435,-5.657516373734777,4.218047195637948,2.109023597818974,0.13181397486368587,-12.116401142055384,-0.00689403446481231,24,120,max_hold,ORNSTEIN_UHLENBECK,NO_TRADE,0.42024720423778694,-0.00013360762953308042,-0.00013360762953308042,1745.4032637070895
2026-04-09 18:35:00,2026-04-09 18:40:00,2026-04-09 20:35:00,LONG,71918.390802,72369.303244,0.07282222216982431,5236.209791121269,34.937917530417145,4.188967832897015,2.0944839164485076,0.13090524477803173,28.523560536293594,0.016342103357657276,24,120,max_hold,ORNSTEIN_UHLENBECK,HIGH_VOLATILITY,0.43185078909612623,-4.2461027369682664e-05,-4.2461027369682664e-05,1773.9268242433832
2026-04-09 20:40:00,2026-04-09 20:45:00,2026-04-09 22:40:00,LONG,72431.993502,72303.02650200001,0.07348748213974977,5321.78047273015,-7.3502179636167835,4.25742437818412,2.12871218909206,0.13304451181825375,-13.869399042711217,-0.007818473035733482,24,120,max_hold,ORNSTEIN_UHLENBECK,HIGH_VOLATILITY,0.4657142857142857,0.00022716150596862372,0.00022716150596862372,1760.057425200672
2026-04-09 22:45:00,2026-04-09 22:50:00,2026-04-10 00:45:00,LONG,72424.892082,71915.614,0.07292007151460703,5280.172275602016,-35.03153155633246,4.224137820481613,2.1120689102408066,0.1320043068900504,-41.49974259394494,-0.02357862987863215,24,120,max_hold,ORNSTEIN_UHLENBECK,HIGH_VOLATILITY,0.43185078909612623,-4.2461027369682664e-05,-4.2461027369682664e-05,1718.557682606727
2026-04-10 01:10:00,2026-04-10 01:15:00,2026-04-10 03:10:00,LONG,72014.4,71849.36725200001,0.07160657010861363,5155.673047820181,-9.757111242999505,4.1245384382561445,2.0622692191280723,0.12889182619550452,-16.072810726579227,-0.009352499999999892,24,120,max_hold,ORNSTEIN_UHLENBECK,NO_TRADE,0.40409434801958166,-0.0007234345070650343,-0.0007234345070650343,1702.4848718801477
2026-04-10 05:00:00,2026-04-10 05:05:00,2026-04-10 07:00:00,LONG,72144.47601,71761.114906,0.07080897095788015,5107.454615640443,-25.107444922245413,4.085963692512355,2.0429818462561773,0.12768636539101108,-31.364076826404958,-0.01842252894251441,24,120,max_hold,ORNSTEIN_UHLENBECK,NO_TRADE,0.40409434801958166,-0.0007234345070650343,-0.0007234345070650343,1671.1207950537428
2026-04-10 07:05:00,2026-04-10 07:10:00,2026-04-10 09:05:00,SHORT,71725.74198199999,71681.213376,0.06988229851901814,5013.362385161228,5.116083074576873,4.010689908128983,2.0053449540644914,0.12533405962903071,-1.0252858472456317,-0.0006135318585468615,24,120,max_hold,ORNSTEIN_UHLENBECK,NO_TRADE,0.43406985032074125,-0.0006153701161473847,-0.0006153701161473847,1670.0955092064971
2026-04-10 09:10:00,2026-04-10 09:15:00,2026-04-10 11:05:00,SHORT,71679.1613,72110.3888979704,0.06988480863145881,5010.286527619492,-28.126518246068635,4.0082292220955935,2.0041146110477968,0.120038114724217,-34.25890019393624,-0.020513138323576163,23,115,stop_loss,ORNSTEIN_UHLENBECK,NO_TRADE,0.43406985032074125,-0.0006153701161473847,-0.0006153701161473847,1635.836609012561
2026-04-11 19:50:00,2026-04-11 19:55:00,2026-04-11 21:50:00,SHORT,73636.899674,73513.12968599999,0.06663138109825516,4907.509827037683,10.207927584253408,3.9260078616301466,1.9630039308150733,0.12268774567594208,4.196228046132245,0.002565187759592452,24,120,max_hold,ORNSTEIN_UHLENBECK,MEAN_REVERTING,0.44855842185128986,-0.0007159063437208694,-0.0007159063437208694,1640.0328370586933
2026-04-11 21:55:00,2026-04-11 22:00:00,2026-04-11 23:05:00,LONG,73441.725408,73007.93985377101,0.0670066301348397,4920.09851117608,-27.10388956350106,3.9360788089408643,1.9680394044704321,0.07175143662131783,-33.07975921353368,-0.02017018102689966,14,70,stop_loss,ORNSTEIN_UHLENBECK,NO_TRADE,0.42024720423778694,-0.00013360762953308042,-0.00013360762953308042,1606.9530778451597
2026-04-13 01:55:00,2026-04-13 02:00:00,2026-04-13 03:55:00,SHORT,71183.400472,70990.1952,0.06771094145164754,4820.859233535479,15.007453063343378,3.856687386828383,1.9283436934141915,0.12052148083838697,9.101900502262417,0.0056640735985070524,24,120,max_hold,ORNSTEIN_UHLENBECK,NO_TRADE,0.43406985032074125,-0.0006153701161473847,-0.0006153701161473847,1616.054978347422
2026-04-13 13:45:00,2026-04-13 13:50:00,2026-04-13 14:45:00,SHORT,71602.24668600001,72186.85123824919,0.06769613421924935,4848.164935042267,-37.628676524922525,3.8785319480338134,1.9392659740169067,0.060602061688028334,-43.50707650866127,-0.026921779946590438,12,60,stop_loss,ORNSTEIN_UHLENBECK,MEAN_REVERTING,0.44855842185128986,-0.0007159063437208694,-0.0007159063437208694,1572.547901838761
2026-04-13 14:50:00,2026-04-13 14:55:00,2026-04-13 16:50:00,SHORT,72032.19068000001,72097.006518,0.06548044884167029,4717.643705516282,-2.356641353811304,3.774114964413026,1.887057482206513,0.11794109263790706,-8.13575489306875,-0.005173613397439729,24,120,max_hold,ORNSTEIN_UHLENBECK,MEAN_REVERTING,0.44855842185128986,-0.0007159063437208694,-0.0007159063437208694,1564.4121469456923
2026-04-13 16:55:00,2026-04-13 17:00:00,2026-04-13 18:55:00,SHORT,72187.92952599999,72439.344972,0.06500114110987046,4693.236440837077,-14.462103885535896,3.7545891526696615,1.8772945763348308,0.11733091102092692,-20.211318525561314,-0.012919433389098416,24,120,max_hold,ORNSTEIN_UHLENBECK,MEAN_REVERTING,0.44855842185128986,-0.0007159063437208694,-0.0007159063437208694,1544.2008284201308
2026-04-16 15:40:00,2026-04-16 15:45:00,2026-04-16 17:40:00,LONG,74564.249868,74363.054414,0.062141428552692654,4632.602485260392,-10.651662268217361,3.706081988208314,1.853040994104157,0.11581506213150981,-16.32660031266134,-0.010572847787787458,24,120,max_hold,ORNSTEIN_UHLENBECK,HIGH_VOLATILITY,0.4284232365145228,-0.0006520706299319656,-0.0006520706299319656,1527.8742281074694
2026-04-16 17:50:00,2026-04-16 17:55:00,2026-04-16 19:50:00,LONG,74339.89500599999,75356.405704,0.061669974224328045,4583.6226843224085,64.53454452704801,3.666898147457927,1.8334490737289635,0.11459056710806022,58.91960673875306,0.03856312624091772,24,120,max_hold,VOL_EXPANSION,HIGH_VOLATILITY,0.4755625627060341,-0.0007179208153524143,-0.0007179208153524143,1586.7938348462226
2026-04-16 19:55:00,2026-04-16 20:00:00,2026-04-16 21:55:00,LONG,75358.0686,74919.253152,0.06318279740040438,4760.381504538667,-25.82660026538922,3.808305203630934,1.904152601815467,0.11900953761346669,-31.658067608449088,-0.019950964588614686,24,120,max_hold,ORNSTEIN_UHLENBECK,HIGH_VOLATILITY,0.4657142857142857,0.00022716150596862372,0.00022716150596862372,1555.1357672377735
2026-04-16 22:00:00,2026-04-16 22:05:00,2026-04-17 00:00:00,LONG,75056.99839800001,75065.243948,0.0621706234298067,4665.4073017133205,2.379269758658178,3.7323258413706566,1.8661629206853283,0.11663518254283302,-3.33585418594064,-0.002145056564331854,24,120,max_hold,ORNSTEIN_UHLENBECK,NO_TRADE,0.40409434801958166,-0.0007234345070650343,-0.0007234345070650343,1551.7999130518328
2026-04-17 00:30:00,2026-04-17 00:35:00,2026-04-17 01:50:00,LONG,75102.247446,74562.01558583487,0.06199988652072395,4655.3997391554985,-31.638481825819987,3.724319791324399,1.8621598956621994,0.07758999565259164,-37.30255150845918,-0.024038248226924092,16,80,stop_loss,ORNSTEIN_UHLENBECK,NO_TRADE,0.40409434801958166,-0.0007234345070650343,-0.0007234345070650343,1514.4973615433737
2026-04-17 01:55:00,2026-04-17 02:00:00,2026-04-17 03:55:00,SHORT,74735.05,74630.743164,0.060782502804416334,4543.492084630121,8.155796226296367,3.634793667704097,1.8173968338520485,0.11358730211575303,2.590018422624469,0.0017101505016720977,24,120,max_hold,ORNSTEIN_UHLENBECK,NO_TRADE,0.43406985032074125,-0.0006153701161473847,-0.0006153701161473847,1517.0873799659983
2026-04-17 04:00:00,2026-04-17 04:05:00,2026-04-17 06:00:00,SHORT,74637.509512,74703.53772000001,0.060966019863489984,4551.2621398979945,-2.2045312782637154,3.6410097119183957,1.8205048559591979,0.11378155349744987,-7.779827399638759,-0.005128134016784929,24,120,max_hold,ORNSTEIN_UHLENBECK,NO_TRADE,0.43406985032074125,-0.0006153701161473847,-0.0006153701161473847,1509.3075525663594
2026-04-17 06:05:00,2026-04-17 06:10:00,2026-04-17 07:05:00,SHORT,74657.085596,75061.4451821293,0.06063747381815945,4527.922657699079,-22.703634027152386,3.622338126159263,1.8111690630796315,0.056599033221238486,-28.19374024961252,-0.018679917291656786,12,60,stop_loss,ORNSTEIN_UHLENBECK,NO_TRADE,0.43406985032074125,-0.0006153701161473847,-0.0006153701161473847,1481.1138123167468
2026-04-18 10:25:00,2026-04-18 10:30:00,2026-04-18 11:35:00,SHORT,76309.015144,75854.18750794443,0.05821661779122241,4443.341436950241,28.250213181276138,3.554673149560193,1.7773365747800964,0.06479872928885767,22.85340472764699,0.015429877527034789,14,70,take_profit,MEAN_REVERSION,TRENDING,0.45963975983989325,-0.00046225649985731204,-0.00046225649985731204,1503.9672170443937
2026-04-18 13:05:00,2026-04-18 13:10:00,2026-04-18 15:05:00,SHORT,76142.708412,76230.222996,0.05924400858443888,4511.901651133181,-3.379278249656331,3.609521320906545,1.8047606604532724,0.11279754127832953,-8.906357772294477,-0.005921909514621808,24,120,max_hold,MEAN_REVERSION,TRENDING,0.42857142857142855,0.00022454150646600952,0.00022454150646600952,1495.0608592720992
2026-04-19 22:25:00,2026-04-19 22:30:00,2026-04-20 00:25:00,LONG,73958.358714,74214.074216,0.06065683030743981,4485.182577816297,17.30842652822758,3.5881460622530383,1.7940730311265192,0.11212956444540745,11.814077870402617,0.007902071542528737,24,120,max_hold,ORNSTEIN_UHLENBECK,NO_TRADE,0.48284734133790735,-0.0005706037793934026,-0.0005706037793934026,1506.8749371425017
2026-04-20 00:30:00,2026-04-20 00:35:00,2026-04-20 02:30:00,LONG,74232.65356199999,74471.09280200001,0.060910242587695666,4520.624811427505,16.33490885716895,3.616499849142004,1.808249924571002,0.11301562028568762,10.797143463170256,0.007165255189421997,24,120,max_hold,ORNSTEIN_UHLENBECK,NO_TRADE,0.48284734133790735,-0.0005706037793934026,-0.0005706037793934026,1517.672080605672
2026-04-20 02:35:00,2026-04-20 02:40:00,2026-04-20 04:35:00,SHORT,74489.10919799999,74494.885998,0.061111022639144065,4553.016241817016,1.467886763791755,3.642412993453613,1.8212064967268065,0.1138254060454254,-4.109558132434089,-0.002707803737678332,24,120,max_hold,ORNSTEIN_UHLENBECK,NO_TRADE,0.3866584311303274,-0.000526924037242394,-0.000526924037242394,1513.5625224732378
2026-04-20 04:40:00,2026-04-20 04:45:00,2026-04-20 06:40:00,SHORT,74450.536914,74796.246258,0.06097712142963136,4540.687567419714,-19.260233574763323,3.632550053935771,1.8162750269678856,0.11351718918549285,-24.822575844852473,-0.016400099418616105,24,120,max_hold,ORNSTEIN_UHLENBECK,NO_TRADE,0.3866584311303274,-0.000526924037242394,-0.000526924037242394,1488.7399466283853
2026-04-20 06:45:00,2026-04-20 06:50:00,2026-04-20 07:20:00,SHORT,74745.327944,75244.78656644757,0.05974054457641352,4466.219839885156,-28.045832995850073,3.572975871908125,1.7864879359540624,0.03256618633249593,-33.437862990044756,-0.022460513043781053,7,35,stop_loss,ORNSTEIN_UHLENBECK,NO_TRADE,0.43406985032074125,-0.0006153701161473847,-0.0006153701161473847,1455.3020836383405
2026-04-23 01:10:00,2026-04-23 01:15:00,2026-04-23 03:10:00,SHORT,78249.466976,77740.635018,0.055783550206209634,4365.906250915022,30.124790617859315,3.4927250007320176,1.7463625003660088,0.10914765627287555,24.776555460488414,0.017025025758600973,24,120,max_hold,ORNSTEIN_UHLENBECK,NO_TRADE,0.43406985032074125,-0.0006153701161473847,-0.0006153701161473847,1480.078639098829
2026-04-23 17:15:00,2026-04-23 17:20:00,2026-04-23 19:15:00,SHORT,77616.053684,77844.145716,0.05719625849810717,4440.235917296487,-11.267662924127539,3.55218873383719,1.776094366918595,0.11100589793241218,-16.706951922815733,-0.011287881252706982,24,120,max_hold,ORNSTEIN_UHLENBECK,NO_TRADE,0.3866584311303274,-0.000526924037242394,-0.000526924037242394,1463.3716871760132
2026-04-27 23:30:00,2026-04-27 23:35:00,2026-04-28 01:30:00,SHORT,77210.994712,77132.633442,0.05684730594247306,4390.115061528039,6.209431228096251,3.512092049222432,1.756046024611216,0.109752876538201,0.8315402777244019,0.0005682358658510692,24,120,max_hold,MOMENTUM,TRENDING,0.4597568037058483,-0.0006756929812810691,-0.0006756929812810691,1464.2032274537376
2026-04-28 02:00:00,2026-04-28 02:05:00,2026-04-28 02:35:00,SHORT,77177.66138,76760.89663070098,0.05690417514468537,4392.609682361212,25.467604640258806,3.51408774588897,1.757043872944485,0.03202944560055051,20.164443575824798,0.013771615304311919,7,35,take_profit,VOL_EXPANSION,TRENDING,0.4449968924798011,-0.0006392571087568396,-0.0006392571087568396,1484.3676710295624
2026-04-28 02:40:00,2026-04-28 02:45:00,2026-04-28 04:40:00,SHORT,76692.25848,76845.12595199999,0.0580529571136196,4453.1030130886875,-7.0917492409990786,3.5624824104709503,1.7812412052354751,0.1113275753272172,-12.546800432032722,-0.008452623077764971,24,120,max_hold,MEAN_REVERSION,TRENDING,0.45963975983989325,-0.00046225649985731204,-0.00046225649985731204,1471.8208705975296
2026-04-28 04:45:00,2026-04-28 04:50:00,2026-04-28 06:45:00,SHORT,76934.600002,76700.957124,0.057380938084496035,4415.462611792589,15.169798601398671,3.5323700894340715,1.7661850447170357,0.11038656529481473,9.76085690195275,0.006631823951504396,24,120,max_hold,VOL_EXPANSION,TRENDING,0.4449968924798011,-0.0006392571087568396,-0.0006392571087568396,1481.5817274994824
2026-05-02 22:35:00,2026-05-02 22:40:00,2026-05-03 00:35:00,SHORT,78648.927068,78692.72539800001,0.05650243937364564,4444.745182498447,-0.6966750774773524,3.555796145998758,1.777898072999379,0.11111862956246119,-6.141487926037951,-0.004145223859100339,24,120,max_hold,ORNSTEIN_UHLENBECK,MEAN_REVERTING,0.44855842185128986,-0.0007159063437208694,-0.0007159063437208694,1475.4402395734444
2026-05-03 22:15:00,2026-05-03 22:20:00,2026-05-03 23:20:00,SHORT,79211.364558,78720.12912539691,0.055868693580404166,4426.320718720333,29.20936827377252,3.541056574976267,1.7705282874881334,0.05993975973267118,23.837843651575447,0.016156427764547794,13,65,take_profit,ORNSTEIN_UHLENBECK,MEAN_REVERTING,0.44855842185128986,-0.0007159063437208694,-0.0007159063437208694,1499.2780832250198
2026-05-04 02:55:00,2026-05-04 03:00:00,2026-05-04 04:55:00,LONG,80189.33466000001,80315.993588,0.05610139846651016,4497.834249675059,8.906658020542638,3.5982673997400476,1.7991336998700238,0.11244585624187649,3.3968110646906906,0.002265631107862249,24,120,max_hold,MEAN_REVERSION,TRENDING,0.4500970873786408,-0.00044867865494584185,-0.00044867865494584185,1502.6748942897104
2026-05-04 05:00:00,2026-05-04 05:05:00,2026-05-04 06:25:00,LONG,80364.26964,79555.11538152545,0.056106106706424436,4508.0246828691315,-43.60400609600209,3.6064197462953054,1.8032098731476527,0.07982960375914087,-49.09346531920419,-0.032670716404302386,17,85,stop_loss,MEAN_REVERSION,TRENDING,0.4500970873786408,-0.00044867865494584185,-0.00044867865494584185,1453.5814289705063
2026-05-05 17:50:00,2026-05-05 17:55:00,2026-05-05 19:50:00,LONG,81306.268002,81594.017932,0.05364428282038,4360.744286911518,17.18387311585232,3.488595429529215,1.7442977147646075,0.10901860717278797,11.84196136438571,0.008146747838387517,24,120,max_hold,ORNSTEIN_UHLENBECK,NO_TRADE,0.40409434801958166,-0.0007234345070650343,-0.0007234345070650343,1465.423390334892
2026-05-06 23:05:00,2026-05-06 23:10:00,2026-05-07 01:05:00,SHORT,81177.98115600001,81074.201598,0.05414511243540089,4396.270171004676,7.376188667074513,3.5170161368037407,1.7585080684018704,0.1099067542751169,1.990757707593785,0.0013584863737836467,24,120,max_hold,ORNSTEIN_UHLENBECK,NO_TRADE,0.3866584311303274,-0.000526924037242394,-0.000526924037242394,1467.4141480424857
2026-05-07 01:15:00,2026-05-07 01:20:00,2026-05-07 03:15:00,SHORT,81061.46446399999,81036.214002,0.05429660103899689,4402.242444127457,3.1312849819190944,3.5217939553019657,1.7608969776509829,0.11005606110318643,-2.26146201213704,-0.0015411204908674253,24,120,max_hold,ORNSTEIN_UHLENBECK,NO_TRADE,0.39391979301423025,-0.0004640027989382437,-0.0004640027989382437,1465.1526860303486
2026-05-07 03:20:00,2026-05-07 03:25:00,2026-05-07 05:20:00,SHORT,80895.187726,81106.96815,0.054324355873482874,4395.458058091046,-9.744702956585627,3.516366446472837,1.7581832232364185,0.10988645145227616,-15.129139077747158,-0.010325981190900795,24,120,max_hold,ORNSTEIN_UHLENBECK,NO_TRADE,0.39391979301423025,-0.0004640027989382437,-0.0004640027989382437,1450.0235469526015
2026-05-07 06:05:00,2026-05-07 06:10:00,2026-05-07 06:40:00,SHORT,80961.694422,81365.76750516372,0.053719239175752845,4350.070640857804,-19.962477847043363,3.4800565126862435,1.7400282563431217,0.03171926508958816,-25.214281881162318,-0.017388877535232553,7,35,stop_loss,ORNSTEIN_UHLENBECK,LOW_VOLATILITY,0.45892351274787535,-0.00038491967729582756,-0.00038491967729582756,1424.809265071439
2026-05-07 07:45:00,2026-05-07 07:50:00,2026-05-07 09:25:00,SHORT,81513.274084,81009.73598941024,0.05242793836561304,4274.4277952143175,28.1036145830596,3.4195422361714543,1.7097711180857271,0.08905057906696494,22.885250649735454,0.016061974897803602,20,100,take_profit,ORNSTEIN_UHLENBECK,NO_TRADE,0.43406985032074125,-0.0006153701161473847,-0.0006153701161473847,1447.6945157211746
2026-05-07 09:35:00,2026-05-07 09:40:00,2026-05-07 11:35:00,SHORT,80903.825998,81000.1968,0.0536713174796138,4343.083547163524,-3.4344276055203107,3.474466837730819,1.7372334188654095,0.1085770886790881,-8.754704950795627,-0.00604734276169751,24,120,max_hold,ORNSTEIN_UHLENBECK,NO_TRADE,0.39391979301423025,-0.0004640027989382437,-0.0004640027989382437,1438.939810770379
2026-05-07 12:20:00,2026-05-07 12:25:00,2026-05-07 13:45:00,SHORT,80989.7988,80463.05129187918,0.05329011964929927,4316.819432311137,29.791207264200526,3.4534555458489096,1.7267277729244548,0.07644367744717638,24.534580267979983,0.01705045623475013,17,85,take_profit,ORNSTEIN_UHLENBECK,NO_TRADE,0.3866584311303274,-0.000526924037242394,-0.000526924037242394,1463.4743910383588
2026-05-09 16:05:00,2026-05-09 16:10:00,2026-05-09 16:20:00,SHORT,80555.02577200001,80789.852060576,0.05449126291517132,4390.423173115077,-11.037604240094609,3.5123385384920613,1.7561692692460307,0.013720072415984615,-16.319832120248687,-0.01115142992606075,3,15,stop_loss,ORNSTEIN_UHLENBECK,MEAN_REVERTING,0.44855842185128986,-0.0007159063437208694,-0.0007159063437208694,1447.15455891811
2026-05-09 16:25:00,2026-05-09 16:30:00,2026-05-09 17:35:00,SHORT,80639.71883000001,80887.60087107001,0.053827015359137996,4341.463676754331,-11.603844192389849,3.4731709414034646,1.7365854707017323,0.06331301195266732,-16.876913616447716,-0.011662136233095146,14,70,stop_loss,ORNSTEIN_UHLENBECK,MEAN_REVERTING,0.44855842185128986,-0.0007159063437208694,-0.0007159063437208694,1430.2776453016625
2026-05-10 15:10:00,2026-05-10 15:15:00,2026-05-10 15:45:00,SHORT,81028.521054,81292.24421068447,0.052944009263834774,4290.832935904988,-12.2437793203648,3.4326663487239903,1.7163331743619952,0.031287323490973865,-17.42406616694176,-0.01218229637034341,7,35,stop_loss,ORNSTEIN_UHLENBECK,MEAN_REVERTING,0.44855842185128986,-0.0007159063437208694,-0.0007159063437208694,1412.8535791347208
2026-05-10 17:45:00,2026-05-10 17:50:00,2026-05-10 19:45:00,SHORT,81354.535838,81404.287602,0.05208944998094726,4238.560737404163,-0.8959385396716915,3.3908485899233303,1.6954242949616651,0.10596401843510407,-6.0881754429917905,-0.004309134034059209,24,120,max_hold,ORNSTEIN_UHLENBECK,MEAN_REVERTING,0.44855842185128986,-0.0007159063437208694,-0.0007159063437208694,1406.765403691729
2026-05-10 19:50:00,2026-05-10 19:55:00,2026-05-10 20:40:00,SHORT,81329.72080200001,80923.49308862758,0.051880814420909825,4220.296211075187,22.75899129627563,3.3762369688601495,1.6881184844300747,0.04396141886536653,17.650674424120044,0.012546992112401933,10,50,take_profit,ORNSTEIN_UHLENBECK,MEAN_REVERTING,0.44855842185128986,-0.0007159063437208694,-0.0007159063437208694,1424.4160781158491
2026-05-10 23:30:00,2026-05-10 23:35:00,2026-05-11 00:20:00,LONG,82228.04232000001,81484.40946192964,0.05197865306535267,4273.248234347548,-36.95112526895076,3.4185985874780385,1.7092992937390192,0.04451300244112029,-42.12353615260894,-0.029572494160784807,10,50,stop_loss,MEAN_REVERSION,TRENDING,0.4500970873786408,-0.00044867865494584185,-0.00044867865494584185,1382.2925419632402
2026-05-11 03:10:00,2026-05-11 03:15:00,2026-05-11 05:10:00,SHORT,80598.886998,80856.89814599999,0.05144051493499437,4146.877625889721,-11.611153031127433,3.3175021007117764,1.6587510503558882,0.10367194064724301,-16.691078122842338,-0.01207492453018401,24,120,max_hold,MEAN_REVERSION,TRENDING,0.4124223602484472,-0.0002565041544720882,-0.0002565041544720882,1365.6014638403979
2026-05-11 10:05:00,2026-05-11 10:10:00,2026-05-11 12:05:00,SHORT,81052.48626,81137.17418999999,0.05053497085214385,4096.804391521194,-2.640452227024926,3.277443513216955,1.6387217566084775,0.10242010978802984,-7.659037606638389,-0.005608545252360336,24,120,max_hold,VOL_EXPANSION,TRENDING,0.4449968924798011,-0.0006392571087568396,-0.0006392571087568396,1357.9424262337595
2026-05-11 12:20:00,2026-05-11 12:25:00,2026-05-11 13:35:00,SHORT,81297.48725,80871.81016588437,0.0501001033490803,4073.8272787012784,22.95140653770105,3.259061822961023,1.6295309114805114,0.06365355122970748,17.99916025202981,0.013254730027067726,15,75,take_profit,VOL_EXPANSION,TRENDING,0.4449968924798011,-0.0006392571087568396,-0.0006392571087568396,1375.9415864857892
2026-05-11 22:00:00,2026-05-11 22:05:00,2026-05-12 00:00:00,LONG,81962.979318,81721.512428,0.050372135795490304,4127.824759457368,-10.514175904592296,3.3022598075658944,1.6511299037829472,0.1031956189864342,-15.570761234927572,-0.011316440601737992,24,120,max_hold,MEAN_REVERSION,TRENDING,0.42565597667638483,-0.0005421302006394861,-0.0005421302006394861,1360.3708252508616
2026-05-13 16:45:00,2026-05-13 16:50:00,2026-05-13 18:15:00,SHORT,79186.549522,79728.57414372428,0.051527642988457606,4081.112475752585,-26.291547899282016,3.264889980602068,1.632444990301034,0.07652085892036098,-31.26540372910548,-0.02298300077358681,18,90,stop_loss,MEAN_REVERSION,TRENDING,0.42857142857142855,0.00022454150646600952,0.00022454150646600952,1329.1054215217562
2026-05-13 19:35:00,2026-05-13 19:40:00,2026-05-13 21:35:00,SHORT,79544.417934,79506.99822000001,0.05011688946696511,3987.3162645652683,3.4695922577979563,3.1898530116522146,1.5949265058261073,0.0996829066141317,-1.4148701662944974,-0.0010645281731486318,24,120,max_hold,MEAN_REVERSION,TRENDING,0.4124223602484472,-0.0002565041544720882,-0.0002565041544720882,1327.6905513554616
2026-05-13 21:40:00,2026-05-13 21:45:00,2026-05-13 23:40:00,SHORT,79463.774066,79324.551738,0.05011434564419285,3983.071654066385,8.568550818243851,3.186457323253108,1.593228661626554,0.09957679135165963,3.689288042012529,0.0027787258395761518,24,120,max_hold,MEAN_REVERSION,TRENDING,0.4124223602484472,-0.0002565041544720882,-0.0002565041544720882,1331.3798393974741
2026-05-13 23:45:00,2026-05-13 23:50:00,2026-05-14 00:45:00,SHORT,79269.6429,79691.53450115294,0.05037667061685204,3994.1395181924227,-19.6519080384132,3.195311614553938,1.597655807276969,0.049926743977405284,-24.49480220422151,-0.018398057022785335,12,60,stop_loss,MEAN_REVERSION,TRENDING,0.4124223602484472,-0.0002565041544720882,-0.0002565041544720882,1306.8850371932526
2026-05-14 00:55:00,2026-05-14 01:00:00,2026-05-14 02:55:00,SHORT,79564.084,79386.114048,0.04926683980371648,3920.655111579758,10.334212317227522,3.1365240892638067,1.5682620446319033,0.09801637778949396,5.531409805542317,0.0042325144508670145,24,120,max_hold,MEAN_REVERSION,TRENDING,0.45963975983989325,-0.00046225649985731204,-0.00046225649985731204,1312.416446998795
2026-05-14 16:05:00,2026-05-14 16:10:00,2026-05-14 18:05:00,LONG,81488.314404,81722.05232,0.04832639894035259,3937.249340996385,12.87318614973085,3.149799472797108,1.574899736398554,0.09843123352490962,8.05005570701028,0.0061337662488297594,24,120,max_hold,MEAN_REVERSION,TRENDING,0.4500970873786408,-0.00044867865494584185,-0.00044867865494584185,1320.4665027058052
2026-05-16 03:30:00,2026-05-16 03:35:00,2026-05-16 04:30:00,SHORT,79151.326568,78929.52560594832,0.05003841881049434,3961.3995081174153,12.680593116336532,3.169119606493932,1.584559803246966,0.04951749385146769,7.877396212744165,0.0059656160884069154,12,60,take_profit,MEAN_REVERSION,TRENDING,0.45963975983989325,-0.00046225649985731204,-0.00046225649985731204,1328.3438989185493
2026-05-16 04:55:00,2026-05-16 05:00:00,2026-05-16 06:40:00,SHORT,79019.44295,78790.15480851298,0.050420941247805856,3985.0316967556478,13.152306128212437,3.1880253574045185,1.5940126787022593,0.0871725683665298,8.28309552373913,0.006235655940063928,21,105,take_profit,MEAN_REVERSION,TRENDING,0.45963975983989325,-0.00046225649985731204,-0.00046225649985731204,1336.6269944422884
2026-05-16 06:45:00,2026-05-16 06:50:00,2026-05-16 07:10:00,SHORT,78584.289998,78340.2829727503,0.051016291007175,4009.880983326865,14.049475906083176,3.2079047866614925,1.6039523933307462,0.020884796788160756,9.216733929302775,0.006895516825281899,5,25,take_profit,MEAN_REVERSION,TRENDING,0.4124223602484472,-0.0002565041544720882,-0.0002565041544720882,1345.8437283715912
2026-05-16 07:20:00,2026-05-16 07:25:00,2026-05-16 09:15:00,SHORT,78397.587346,78064.23061077847,0.051490406982322934,4037.5311851147735,18.77593125465032,3.230024948091819,1.6150124740459095,0.09673251797670812,13.834161314535883,0.010279173594154636,23,115,take_profit,MEAN_REVERSION,TRENDING,0.4124223602484472,-0.0002565041544720882,-0.0002565041544720882,1359.677889686127
2026-05-16 12:10:00,2026-05-16 12:15:00,2026-05-16 14:10:00,SHORT,78042.85830600001,77972.89146,0.05225613144939147,4079.033669058381,5.286752818734667,3.263226935246705,1.6316134676233525,0.10197584172645953,0.2899365741381497,0.00021323916225855503,24,120,max_hold,MEAN_REVERSION,TRENDING,0.42857142857142855,0.00022454150646600952,0.00022454150646600952,1359.9678262602652
2026-05-16 14:15:00,2026-05-16 14:20:00,2026-05-16 16:15:00,LONG,77934.07369800001,78318.18323000001,0.052361172281197896,4079.9034787807955,21.748736518718612,3.2639227830246367,1.6319613915123183,0.1019975869695199,16.750854757212135,0.0123170963560769,24,120,max_hold,ORNSTEIN_UHLENBECK,NO_TRADE,0.48284734133790735,-0.0005706037793934026,-0.0005706037793934026,1376.7186810174774
2026-05-17 14:15:00,2026-05-17 14:20:00,2026-05-17 16:15:00,SHORT,77956.24563199999,78086.874252,0.05296984197182512,4130.156043052432,-5.266261688839035,3.304124834441946,1.652062417220973,0.10325390107631081,-10.325702841578265,-0.007500227158933409,24,120,max_hold,ORNSTEIN_UHLENBECK,LOW_VOLATILITY,0.45892351274787535,-0.00038491967729582756,-0.00038491967729582756,1366.392978175899
2026-05-17 17:10:00,2026-05-17 17:15:00,2026-05-17 18:00:00,SHORT,77904.585966,78178.54580500037,0.05260741775239579,4099.1789345276975,-12.770094105039622,3.279343147622158,1.639671573811079,0.04269978056799685,-17.731808607040854,-0.012977092893665467,10,50,stop_loss,ORNSTEIN_UHLENBECK,LOW_VOLATILITY,0.45892351274787535,-0.00038491967729582756,-0.00038491967729582756,1348.6611695688582
2026-05-21 12:05:00,2026-05-21 12:10:00,2026-05-21 14:05:00,SHORT,77190.25886,77197.806474,0.052405243508012685,4045.983508706575,1.2226143310418305,3.23678680696526,1.61839340348263,0.10114958771766437,-3.733715467123724,-0.002768460715983484,24,120,max_hold,ORNSTEIN_UHLENBECK,NO_TRADE,0.39391979301423025,-0.0004640027989382437,-0.0004640027989382437,1344.9274541017344
2026-05-22 17:20:00,2026-05-22 17:25:00,2026-05-22 18:45:00,LONG,76835.444016,76410.93270352884,0.0525224962315218,4034.782362305203,-20.686618188220844,3.2278258898441625,1.6139129449220813,0.07144927099915464,-25.59980629398624,-0.01903433989388233,17,85,stop_loss,ORNSTEIN_UHLENBECK,NO_TRADE,0.48284734133790735,-0.0005706037793934026,-0.0005706037793934026,1319.3276478077482
2026-05-23 02:05:00,2026-05-23 02:10:00,2026-05-23 04:05:00,SHORT,75471.13275399999,75648.466668,0.052433178122993356,3957.9829434232447,-7.713444833673654,3.166386354738596,1.583193177369298,0.09894957358558112,-12.56197393936713,-0.009521496771662936,24,120,max_hold,ORNSTEIN_UHLENBECK,NO_TRADE,0.39391979301423025,-0.0004640027989382437,-0.0004640027989382437,1306.765673868381
2026-05-23 04:10:00,2026-05-23 04:15:00,2026-05-23 06:10:00,SHORT,75624.872,75488.07459599999,0.05182835829726525,3920.2970216051435,8.656372402809415,3.136237617284115,1.5681188086420574,0.09800742554012859,3.8540085513431146,0.0029492728714966953,24,120,max_hold,ORNSTEIN_UHLENBECK,LOW_VOLATILITY,0.45892351274787535,-0.00038491967729582756,-0.00038491967729582756,1310.6196824197243
2026-05-23 06:15:00,2026-05-23 06:20:00,2026-05-23 07:45:00,SHORT,75475.63185399999,75076.88977844805,0.05208399822414187,3931.859047259173,22.336357902261557,3.145487237807339,1.5727436189036694,0.0737223571361095,17.544404688414442,0.01338634305874545,18,90,take_profit,ORNSTEIN_UHLENBECK,LOW_VOLATILITY,0.45892351274787535,-0.00038491967729582756,-0.00038491967729582756,1328.1640871081388
2026-05-23 19:30:00,2026-05-23 19:35:00,2026-05-23 20:30:00,LONG,75930.17299800001,76356.29482583755,0.05248623837432391,3984.492261324416,23.964121561226044,3.1875938090595333,1.5937969045297666,0.04980615326655521,19.13292469437019,0.0144055428693521,12,60,take_profit,MEAN_REVERSION,TRENDING,0.42565597667638483,-0.0005421302006394861,-0.0005421302006394861,1347.297011802509
2026-05-24 21:10:00,2026-05-24 21:15:00,2026-05-24 21:35:00,SHORT,76708.11530800001,76221.60139215071,0.05268129246787784,4041.891035407527,27.241490006711054,3.2335128283260217,1.6167564141630109,0.021051515809414202,22.37016924841261,0.016603739971548084,5,25,take_profit,ORNSTEIN_UHLENBECK,NO_TRADE,0.43406985032074125,-0.0006153701161473847,-0.0006153701161473847,1369.6671810509215
2026-05-27 17:30:00,2026-05-27 17:35:00,2026-05-27 19:30:00,LONG,75006.9984,75025.201958,0.05479253177875993,4109.0015431527645,2.6415479570543763,3.287201234522212,1.643600617261106,0.10272503857881912,-2.391978933307761,-0.0017463942820564902,24,120,max_hold,ORNSTEIN_UHLENBECK,NO_TRADE,0.48284734133790735,-0.0005706037793934026,-0.0005706037793934026,1367.2752021176138
2026-05-27 19:40:00,2026-05-27 19:45:00,2026-05-27 21:40:00,SHORT,74997.267546,74642.9256,0.0546820620993451,4101.8256063528415,21.01267600291558,3.2814604850822735,1.6407302425411368,0.10254564015882105,15.98793963513335,0.011693285748451727,24,120,max_hold,ORNSTEIN_UHLENBECK,NO_TRADE,0.39391979301423025,-0.0004640027989382437,-0.0004640027989382437,1383.2631417527473
2026-05-28 03:25:00,2026-05-28 03:30:00,2026-05-28 03:55:00,LONG,73761.329316,73171.37278610069,0.056270940635596144,4149.789425258242,-31.543801861815695,3.3198315402065934,1.6599157701032967,0.02593618390786401,-36.54948535603345,-0.026422655424564564,6,30,stop_loss,ORNSTEIN_UHLENBECK,NO_TRADE,0.48284734133790735,-0.0005706037793934026,-0.0005706037793934026,1346.7136563967138
2026-05-28 04:05:00,2026-05-28 04:10:00,2026-05-28 06:05:00,LONG,73214.379948,72985.409998,0.055193378681265004,4040.1409691901413,-11.023773524009492,3.232112775352113,1.6160563876760565,0.10100352422975353,-15.972946211267416,-0.011860684812542006,24,120,max_hold,ORNSTEIN_UHLENBECK,NO_TRADE,0.48284734133790735,-0.0005706037793934026,-0.0005706037793934026,1330.7407101854462
2026-05-30 15:05:00,2026-05-30 15:10:00,2026-05-30 17:05:00,LONG,73914.37992,73872.22260000001,0.054022242753091206,3992.222130556339,-0.680680258689046,3.1937777044450715,1.5968888522225357,0.09980555326390848,-5.571152368620561,-0.0041865047984022295,24,120,max_hold,MEAN_REVERSION,TRENDING,0.42565597667638483,-0.0005421302006394861,-0.0005421302006394861,1325.1695578168258
2026-05-31 01:30:00,2026-05-31 01:35:00,2026-05-31 03:30:00,SHORT,74179.89105399999,74241.61535400001,0.05358208963696583,3975.5086734504775,-1.7167701519692122,3.1804069387603824,1.5902034693801912,0.09938771683626195,-6.586768276946048,-0.004970509802381467,24,120,max_hold,ORNSTEIN_UHLENBECK,MEAN_REVERTING,0.44855842185128986,-0.0007159063437208694,-0.0007159063437208694,1318.5827895398797
2026-06-01 08:30:00,2026-06-01 08:35:00,2026-06-01 10:30:00,LONG,72841.85545799999,72621.46280200001,0.054316841511192294,3955.748368619639,-10.390811781090454,3.1645986948957114,1.5822993474478557,0.09889370921549098,-15.23660353264951,-0.011555287732798585,24,120,max_hold,ORNSTEIN_UHLENBECK,NO_TRADE,0.48284734133790735,-0.0005706037793934026,-0.0005706037793934026,1303.3461860072302
2026-06-01 10:35:00,2026-06-01 10:40:00,2026-06-01 12:00:00,LONG,72656.858466,72228.79921469184,0.05382589680179161,3910.0385580216907,-21.480953853527453,3.1280308464173525,1.5640154232086763,0.06924026613163412,-26.242240389285115,-0.0201345127419121,17,85,stop_loss,ORNSTEIN_UHLENBECK,NO_TRADE,0.48284734133790735,-0.0005706037793934026,-0.0005706037793934026,1277.103945617945
2026-06-02 20:20:00,2026-06-02 20:25:00,2026-06-02 22:20:00,LONG,67033.38399599999,67356.526,0.05716671113381167,3831.3118368538353,20.00949223105689,3.0650494694830686,1.5325247347415343,0.09578279592134589,15.316135230910941,0.011992865015775993,24,120,max_hold,VOL_EXPANSION,HIGH_VOLATILITY,0.4755625627060341,-0.0007179208153524143,-0.0007179208153524143,1292.420080848856
2026-06-02 22:30:00,2026-06-02 22:35:00,2026-06-02 23:00:00,LONG,67075.06232999999,66227.32470748803,0.057816356181909764,3877.2602425465684,-47.471690573052875,3.101808194037255,1.5509040970186274,0.024232876515916053,-52.14863574062468,-0.04034960189288739,6,30,stop_loss,MOMENTUM,HIGH_VOLATILITY,0.5169974115616911,-0.00044468427386492085,-0.00044468427386492085,1240.2714451082313
2026-06-02 23:05:00,2026-06-02 23:10:00,2026-06-03 01:05:00,LONG,66495.29639999999,66823.98253000001,0.05596724429657192,3720.814335324694,19.887960260786777,2.9766514682597554,1.4883257341298777,0.09302035838311735,15.329962700014024,0.012360167413736004,24,120,max_hold,MOMENTUM,HIGH_VOLATILITY,0.5169974115616911,-0.00044468427386492085,-0.00044468427386492085,1255.6014078082453
2026-06-03 01:40:00,2026-06-03 01:45:00,2026-06-03 03:40:00,LONG,66525.282396,65741.858998,0.056633469991793,3766.804223424736,-42.869837779687764,3.013443378739789,1.5067216893698945,0.0941701055856184,-47.484172953383066,-0.03781787170521779,24,120,max_hold,MOMENTUM,HIGH_VOLATILITY,0.5089982481286829,-0.0006490732993168091,-0.0006490732993168091,1208.1172348548623
2026-06-04 00:00:00,2026-06-04 00:05:00,2026-06-04 00:25:00,LONG,64364.010228,63553.22348410178,0.05632148404153503,3624.3517045645867,-44.223816739073946,2.8994813636516694,1.4497406818258347,0.01887683179460722,-48.59191561634606,-0.04022119229363007,5,25,stop_loss,MOMENTUM,HIGH_VOLATILITY,0.5169974115616911,-0.00044468427386492085,-0.00044468427386492085,1159.5253192385162
2026-06-05 00:00:00,2026-06-05 00:05:00,2026-06-05 02:00:00,LONG,63750.747599999995,63316.93408,0.054576170537443104,3478.5759577155486,-22.288908047491763,2.782860766172439,1.3914303830862196,0.08696439894288872,-26.550163595693313,-0.02289744187141109,24,120,max_hold,VOL_EXPANSION,HIGH_VOLATILITY,0.4755625627060341,-0.0007179208153524143,-0.0007179208153524143,1132.975155642823
2026-06-05 04:30:00,2026-06-05 04:35:00,2026-06-05 05:55:00,LONG,63116.6208,62320.616274626314,0.05386228237399324,3398.925466928469,-41.52335500088262,2.7191403735427753,1.3595701867713876,0.06018930514352498,-45.662254866340305,-0.04030296219552373,17,85,stop_loss,VOL_EXPANSION,HIGH_VOLATILITY,0.4755625627060341,-0.0007179208153524143,-0.0007179208153524143,1087.3129007764826
2026-06-06 00:20:00,2026-06-06 00:25:00,2026-06-06 02:20:00,LONG,61174.342422,60848.17793,0.05333267119674988,3261.9387023294476,-16.09366686033141,2.609550961863558,1.304775480931779,0.08154846755823619,-20.08954177068498,-0.018476320621541822,24,120,max_hold,VOL_EXPANSION,HIGH_VOLATILITY,0.4755625627060341,-0.0007179208153524143,-0.0007179208153524143,1067.2233590057976
2026-06-06 02:25:00,2026-06-06 02:30:00,2026-06-06 04:25:00,LONG,60808.969361999996,59952.297142,0.052661810332111064,3201.670077017393,-43.84201033768883,2.5613360616139147,1.2806680308069573,0.08004175192543483,-47.76405618203514,-0.04475544484570794,24,120,max_hold,MOMENTUM,HIGH_VOLATILITY,0.5089982481286829,-0.0006490732993168091,-0.0006490732993168091,1019.4593028237625
2026-06-07 23:10:00,2026-06-07 23:15:00,2026-06-08 01:10:00,LONG,63025.312542,63053.396798,0.04853588916380978,3058.377908471288,2.586962892430896,2.4467023267770305,1.2233511633885152,0.0764594477117822,-1.1595500454464318,-0.001137416709264055,24,120,max_hold,ORNSTEIN_UHLENBECK,HIGH_VOLATILITY,0.4657142857142857,0.00022716150596862372,0.00022716150596862372,1018.2997527783161
2026-06-08 01:15:00,2026-06-08 01:20:00,2026-06-08 03:15:00,LONG,63100.367549999995,63202.636944,0.04842301807141558,3054.899258334948,6.1753874946478335,2.4439194066679586,1.2219597033339793,0.0763724814583737,2.433135903187522,0.002389410285673727,24,120,max_hold,ORNSTEIN_UHLENBECK,HIGH_VOLATILITY,0.43185078909612623,-4.2461027369682664e-05,-4.2461027369682664e-05,1020.7328886815037
2026-06-08 03:20:00,2026-06-08 03:25:00,2026-06-08 05:20:00,LONG,63282.653999999995,62607.495996,0.04839890415749187,3062.198666044511,-31.458319724286707,2.449758932835609,1.2248794664178044,0.07655496665111278,-35.20951309019124,-0.03449434566145106,24,120,max_hold,ORNSTEIN_UHLENBECK,HIGH_VOLATILITY,0.43185078909612623,-4.2461027369682664e-05,-4.2461027369682664e-05,985.5233755913125
2026-06-09 16:40:00,2026-06-09 16:45:00,2026-06-09 18:40:00,LONG,61258.2492,61589.689598000004,0.04827368524922342,2956.570126773938,17.185914685575852,2.3652561014191504,1.1826280507095752,0.07391425316934845,13.564116280277778,0.013763363321686133,24,120,max_hold,ORNSTEIN_UHLENBECK,NO_TRADE,0.48284734133790735,-0.0005706037793934026,-0.0005706037793934026,999.0874918715903
2026-06-09 18:45:00,2026-06-09 18:50:00,2026-06-09 20:45:00,SHORT,61659.655602,62088.40519799999,0.04860006099389319,2997.2624756147707,-19.63442464153273,2.3978099804918167,1.1989049902459084,0.07493156189036927,-23.306071174160824,-0.023327357577564673,24,120,max_hold,ORNSTEIN_UHLENBECK,NO_TRADE,0.39391979301423025,-0.0004640027989382437,-0.0004640027989382437,975.7814206974294
2026-06-09 21:00:00,2026-06-09 21:05:00,2026-06-09 23:00:00,LONG,62068.411199999995,61759.635602,0.047172622503743204,2927.3442620922883,-13.397496517288198,2.341875409673831,1.1709377048369154,0.07318360655230721,-16.98349323835125,-0.017405018048214607,24,120,max_hold,VOL_EXPANSION,HIGH_VOLATILITY,0.4755625627060341,-0.0007179208153524143,-0.0007179208153524143,958.7979274590782
2026-06-09 23:05:00,2026-06-09 23:10:00,2026-06-10 01:05:00,SHORT,61743.6488,61724.352402000004,0.0465767501518433,2876.393782377235,2.0489112391794246,2.301115025901788,1.150557512950894,0.07190984455943088,-1.4746711442326883,-0.0015380416477752846,24,120,max_hold,ORNSTEIN_UHLENBECK,NO_TRADE,0.3866584311303274,-0.000526924037242394,-0.000526924037242394,957.3232563148455
2026-06-10 01:20:00,2026-06-10 01:25:00,2026-06-10 03:20:00,SHORT,61745.638402,61413.510246000005,0.04650361465689762,2871.9697689445366,16.590629564994448,2.2975758151556294,1.1487879075778147,0.07179924422361342,13.07246659803739,0.013655227230516693,24,120,max_hold,ORNSTEIN_UHLENBECK,NO_TRADE,0.3866584311303274,-0.000526924037242394,-0.000526924037242394,970.3957229128829
2026-06-10 03:25:00,2026-06-10 03:30:00,2026-06-10 05:25:00,SHORT,61564.164704,61276.242798,0.047277583400977916,2911.187168738649,14.77377203697178,2.328949734990919,1.1644748674954595,0.07277967921846622,11.207567755266934,0.011549481815134805,24,120,max_hold,ORNSTEIN_UHLENBECK,NO_TRADE,0.3866584311303274,-0.000526924037242394,-0.000526924037242394,981.6032906681498
2026-06-10 05:30:00,2026-06-10 05:35:00,2026-06-10 07:30:00,SHORT,61259.755598,61784.17397785953,0.04806125785663714,2944.8098720044495,-24.02147873464001,2.3558478976035597,1.1779239488017799,0.07362024680011124,-27.62887082784546,-0.028146677064457743,24,120,stop_loss,ORNSTEIN_UHLENBECK,NO_TRADE,0.39391979301423025,-0.0004640027989382437,-0.0004640027989382437,953.9744198403043
2026-06-10 07:35:00,2026-06-10 07:40:00,2026-06-10 09:20:00,SHORT,61707.386054,61022.7089207469,0.046369665899719796,2861.9232595209132,32.88644193354551,2.2895386076167306,1.1447693038083653,0.06260457130201998,29.389529450818397,0.030807460702917188,21,105,take_profit,ORNSTEIN_UHLENBECK,NO_TRADE,0.43406985032074125,-0.0006153701161473847,-0.0006153701161473847,983.3639492911227
2026-06-10 09:25:00,2026-06-10 09:30:00,2026-06-10 11:25:00,SHORT,61198.20791,60978.253211999996,0.048195885635105906,2950.0918478733684,11.778592490363518,2.3600734782986947,1.1800367391493474,0.07375229619683421,8.164729976718641,0.008302856722177326,24,120,max_hold,ORNSTEIN_UHLENBECK,NO_TRADE,0.39391979301423025,-0.0004640027989382437,-0.0004640027989382437,991.5286792678413
2026-06-10 11:30:00,2026-06-10 11:35:00,2026-06-10 12:30:00,SHORT,60985.660428,61507.18233257973,0.04876541632449932,2974.586037803524,-24.237550873880114,2.3796688302428195,1.1898344151214097,0.037182325472544055,-27.844236444716888,-0.02808212916773871,12,60,stop_loss,ORNSTEIN_UHLENBECK,NO_TRADE,0.39391979301423025,-0.0004640027989382437,-0.0004640027989382437,963.6844428231244
2026-06-10 12:55:00,2026-06-10 13:00:00,2026-06-10 13:35:00,SHORT,61551.6872,62169.48185400709,0.046960128134451516,2891.0533284693734,-27.849724836597083,2.3128426627754988,1.1564213313877494,0.024092111070578112,-31.343080941830912,-0.03252421596639145,8,40,stop_loss,ORNSTEIN_UHLENBECK,NO_TRADE,0.43406985032074125,-0.0006153701161473847,-0.0006153701161473847,932.3413618812936
2026-06-10 15:45:00,2026-06-10 15:50:00,2026-06-10 17:45:00,LONG,62310.4596,62032.311056000006,0.044897494071140014,2797.0240856438804,-11.37163729833826,2.2376192685151044,1.1188096342575522,0.06992560214109701,-14.797991803252014,-0.01587186025233546,24,120,max_hold,VOL_EXPANSION,HIGH_VOLATILITY,0.4755625627060341,-0.0007179208153524143,-0.0007179208153524143,917.5433700780416
2026-06-12 17:30:00,2026-06-12 17:35:00,2026-06-12 19:30:00,LONG,63826.772802,63643.2688,0.04313520040872098,2752.630110234125,-6.815793016582195,2.2021040881873,1.10105204409365,0.06881575275585312,-10.187764901619,-0.011103306103941965,24,120,max_hold,ORNSTEIN_UHLENBECK,NO_TRADE,0.40409434801958166,-0.0007234345070650343,-0.0007234345070650343,907.3556051764226
2026-06-12 19:55:00,2026-06-12 20:00:00,2026-06-12 21:55:00,SHORT,63576.562144,63484.6944,0.04280700796626834,2722.066815529268,5.020405894283929,2.1776534524234146,1.0888267262117073,0.0680516703882317,1.6858740452605754,0.0018580080793491993,24,120,max_hold,ORNSTEIN_UHLENBECK,NO_TRADE,0.43406985032074125,-0.0006153701161473847,-0.0006153701161473847,909.0414792216832
2026-06-12 22:00:00,2026-06-12 22:05:00,2026-06-13 00:00:00,SHORT,63521.2932,63582.383934,0.042923858684563374,2727.1244376650493,-1.5310940392780212,2.1816995501320395,1.0908497750660198,0.06817811094162624,-4.871821475417707,-0.0053592950231368276,24,120,max_hold,ORNSTEIN_UHLENBECK,NO_TRADE,0.43406985032074125,-0.0006153701161473847,-0.0006153701161473847,904.1696577462654
2026-06-13 12:45:00,2026-06-13 12:50:00,2026-06-13 14:45:00,SHORT,64064.964444,64222.09185,0.04233150669762274,2712.5089732387964,-5.565323185536462,2.170007178591037,1.0850035892955185,0.06781272433096991,-8.888146677753987,-0.009830175787925237,24,120,max_hold,ORNSTEIN_UHLENBECK,MEAN_REVERTING,0.44855842185128986,-0.0007159063437208694,-0.0007159063437208694,895.2815110685115
2026-06-13 15:20:00,2026-06-13 15:25:00,2026-06-13 16:05:00,SHORT,64272.202988,64035.83748154752,0.04178022907975095,2685.8445332055344,10.94755330875632,2.148675626564428,1.074337813282214,0.025179792498801888,7.699360076410875,0.008599931955728371,9,45,take_profit,ORNSTEIN_UHLENBECK,MEAN_REVERTING,0.44855842185128986,-0.0007159063437208694,-0.0007159063437208694,902.9808711449224
2026-06-13 18:35:00,2026-06-13 18:40:00,2026-06-13 20:35:00,SHORT,64242.838862000004,64244.026236,0.042158797352184176,2708.9426134347673,1.0333121231022193,2.1671540907478137,1.0835770453739069,0.06772356533586918,-2.2851425783553707,-0.002530665544949978,24,120,max_hold,ORNSTEIN_UHLENBECK,MEAN_REVERTING,0.44855842185128986,-0.0007159063437208694,-0.0007159063437208694,900.695728566567
2026-06-14 22:15:00,2026-06-14 22:20:00,2026-06-15 00:15:00,LONG,65217.040799999995,65718.8536,0.04144051263265599,2702.087185699701,21.880590670042604,2.1616697485597607,1.0808348742798803,0.06755217964249252,18.57053386756047,0.02061798816023584,24,120,max_hold,MEAN_REVERSION,TRENDING,0.4500970873786408,-0.00044867865494584185,-0.00044867865494584185,919.2662624341275
2026-06-15 00:20:00,2026-06-15 00:25:00,2026-06-15 02:20:00,LONG,65713.150002,65692.8588,0.041975622032666096,2757.7987873023826,0.2514339759757107,2.2062390298419063,1.1031195149209532,0.06894496968255957,-3.1268695384697085,-0.0034014840598958376,24,120,max_hold,MEAN_REVERSION,TRENDING,0.4500970873786408,-0.00044867865494584185,-0.00044867865494584185,916.1393928956578
2026-06-15 02:25:00,2026-06-15 02:30:00,2026-06-15 04:25:00,LONG,65652.41785799999,65708.51566800001,0.04187154033334264,2748.4181786869735,3.448958777257871,2.198734542949579,1.0993672714747895,0.06871045446717435,0.08214650836632824,8.966594931223985e-05,24,120,max_hold,MEAN_REVERSION,TRENDING,0.4500970873786408,-0.00044867865494584185,-0.00044867865494584185,916.2215394040242
2026-06-16 12:45:00,2026-06-16 12:50:00,2026-06-16 14:15:00,SHORT,66400.727198,65805.93418409748,0.04138681910958355,2748.6646182120726,25.710914538404257,2.198931694569658,1.099465847284829,0.05153746159147637,22.360979534958293,0.024405647076910536,18,90,take_profit,ORNSTEIN_UHLENBECK,NO_TRADE,0.43406985032074125,-0.0006153701161473847,-0.0006153701161473847,938.5825189389825
2026-06-16 15:45:00,2026-06-16 15:50:00,2026-06-16 17:45:00,SHORT,65796.847998,65955.128388,0.04278600712592123,2815.7475568169475,-5.644757920123006,2.252598045453558,1.126299022726779,0.07039368892042369,-9.094048677223766,-0.00968913067708112,24,120,max_hold,ORNSTEIN_UHLENBECK,NO_TRADE,0.39391979301423025,-0.0004640027989382437,-0.0004640027989382437,929.4884702617587
2026-06-16 19:15:00,2026-06-16 19:20:00,2026-06-16 21:15:00,LONG,65652.82794,65748.18773199999,0.04248138566729093,2788.465410785276,5.167435752569464,2.230772328628221,1.1153861643141105,0.06971163526963191,1.7515656243575004,0.0018844403996364062,24,120,max_hold,ORNSTEIN_UHLENBECK,NO_TRADE,0.48284734133790735,-0.0005706037793934026,-0.0005706037793934026,931.2400358861162
2026-06-17 16:30:00,2026-06-17 16:35:00,2026-06-17 18:00:00,LONG,66019.411242,65459.65699836659,0.042325110132188294,2793.7201076583488,-22.578687703221657,2.234976086126679,1.1174880430633396,0.05238225201859405,-25.983534084430268,-0.027902080111607084,18,90,stop_loss,ORNSTEIN_UHLENBECK,NO_TRADE,0.40409434801958166,-0.0007234345070650343,-0.0007234345070650343,905.2565018016859
2026-06-17 18:10:00,2026-06-17 18:15:00,2026-06-17 19:25:00,LONG,65314.580303999996,64522.990655058435,0.041588151476490254,2715.7695054050578,-31.840810587359105,2.1726156043240463,1.0863078021620232,0.042433898521954026,-35.142167892367134,-0.038820122056483955,15,75,stop_loss,MOMENTUM,HIGH_VOLATILITY,0.5169974115616911,-0.00044468427386492085,-0.00044468427386492085,870.1143339093187
2026-06-18 00:50:00,2026-06-18 00:55:00,2026-06-18 02:50:00,LONG,64542.916002,64684.990414,0.04045161315995389,2610.343001727956,6.7926348818192634,2.088274401382365,1.0441372006911824,0.0652585750431989,3.5949647047025173,0.004131600370896977,24,120,max_hold,VOL_EXPANSION,HIGH_VOLATILITY,0.4755625627060341,-0.0007179208153524143,-0.0007179208153524143,873.7092986140212
2026-06-18 03:00:00,2026-06-18 03:05:00,2026-06-18 05:00:00,SHORT,64575.612294,63771.561762,0.040581940722943584,2621.1278958420635,33.67164785664089,2.096902316673651,1.0484511583368255,0.06552819739605159,30.460766184234362,0.03486373125770179,24,120,max_hold,ORNSTEIN_UHLENBECK,NO_TRADE,0.3866584311303274,-0.000526924037242394,-0.000526924037242394,904.1700647982556
2026-06-18 05:05:00,2026-06-18 05:10:00,2026-06-18 07:05:00,LONG,63786.85482,64065.904256,0.04253310034002466,2712.5101943947666,12.95643302557861,2.1700081555158133,1.0850040777579066,0.06781275485986916,9.633608037445022,0.010654641657036652,24,120,max_hold,ORNSTEIN_UHLENBECK,NO_TRADE,0.48284734133790735,-0.0005706037793934026,-0.0005706037793934026,913.8036728357006
2026-06-18 07:10:00,2026-06-18 07:15:00,2026-06-18 07:45:00,SHORT,64078.38176,64474.74566505517,0.04277359479159544,2741.4110185071017,-15.854173822677124,2.1931288148056813,1.0965644074028407,0.01998945534328095,-19.163856500228928,-0.02097152492368515,7,35,stop_loss,ORNSTEIN_UHLENBECK,NO_TRADE,0.3866584311303274,-0.000526924037242394,-0.000526924037242394,894.6398163354717
2026-06-18 08:05:00,2026-06-18 08:10:00,2026-06-18 10:05:00,SHORT,64608.17578,64090.101799931595,0.0415331749073664,2683.919449006415,22.58630774718964,2.147135559205132,1.073567779602566,0.06709798622516037,19.29850642215678,0.02157125814185788,24,120,take_profit,ORNSTEIN_UHLENBECK,NO_TRADE,0.43406985032074125,-0.0006153701161473847,-0.0006153701161473847,913.9383227576285
2026-06-18 10:10:00,2026-06-18 10:15:00,2026-06-18 12:10:00,SHORT,63997.188002,64020.791597999996,0.042834172732613855,2741.8149682728854,0.08566834546518193,2.1934519746183083,1.0967259873091542,0.06854537420682213,-3.273054990669103,-0.003581264631505226,24,120,max_hold,ORNSTEIN_UHLENBECK,NO_TRADE,0.3866584311303274,-0.000526924037242394,-0.000526924037242394,910.6652677669593
2026-06-18 12:15:00,2026-06-18 12:20:00,2026-06-18 14:15:00,SHORT,64056.306176000006,63966.790799999995,0.042641381734303166,2731.995803300878,4.908875865253235,2.1855966426407023,1.0927983213203512,0.06829989508252195,1.56218100620966,0.001715428337395892,24,120,max_hold,ORNSTEIN_UHLENBECK,NO_TRADE,0.3866584311303274,-0.000526924037242394,-0.000526924037242394,912.227448773169
2026-06-18 14:25:00,2026-06-18 14:30:00,2026-06-18 15:35:00,SHORT,63799.247598,63168.658433443896,0.042886634448899306,2736.682346319507,28.132893347612907,2.189345877055606,1.094672938527803,0.039909950883826144,24.808964581145673,0.02719602947106076,14,70,take_profit,ORNSTEIN_UHLENBECK,NO_TRADE,0.39391979301423025,-0.0004640027989382437,-0.0004640027989382437,937.0364133543147
2026-06-18 15:40:00,2026-06-18 15:45:00,2026-06-18 17:40:00,LONG,62798.567202,62637.479998,0.04477286006967068,2811.109240062944,-6.0891089694752125,2.2488873920503556,1.1244436960251778,0.07027773100157361,-9.53271778855232,-0.010173262909205411,24,120,max_hold,ORNSTEIN_UHLENBECK,NO_TRADE,0.48284734133790735,-0.0005706037793934026,-0.0005706037793934026,927.5036955657624
2026-06-18 17:45:00,2026-06-18 17:50:00,2026-06-18 19:45:00,LONG,62663.560205999995,62901.427198000005,0.0444128546122432,2782.5110866972873,11.679692505928138,2.22600886935783,1.113004434678915,0.06956277716743219,8.27111642472396,0.008917610209281928,24,120,max_hold,ORNSTEIN_UHLENBECK,NO_TRADE,0.48284734133790735,-0.0005706037793934026,-0.0005706037793934026,935.7748119904863
2026-06-18 19:50:00,2026-06-18 19:55:00,2026-06-18 21:50:00,SHORT,62990.269426000006,62918.571198,0.044558675437665916,2807.324435971459,4.3168444764012595,2.2458595487771675,1.1229297743885838,0.07018311089928649,0.8778720423362216,0.0009381231799442221,24,120,max_hold,ORNSTEIN_UHLENBECK,NO_TRADE,0.39391979301423025,-0.0004640027989382437,-0.0004640027989382437,936.6526840328225
2026-06-18 21:55:00,2026-06-18 22:00:00,2026-06-18 23:55:00,SHORT,62958.725736,62970.601602,0.044622822772310757,2809.9580520984678,0.5939297710992348,2.2479664416787744,1.1239832208393872,0.0702489513024617,-2.8482688427213882,-0.0030409018105387485,24,120,max_hold,ORNSTEIN_UHLENBECK,NO_TRADE,0.39391979301423025,-0.0004640027989382437,-0.0004640027989382437,933.8044151901012
2026-06-19 00:00:00,2026-06-19 00:05:00,2026-06-19 02:00:00,SHORT,62968.263828,63107.298936,0.04448039048006495,2801.4132455703034,-5.0627580444408595,2.2411305964562427,1.1205652982281213,0.07003533113925758,-8.49448927026448,-0.009096647148038166,24,120,max_hold,ORNSTEIN_UHLENBECK,NO_TRADE,0.3866584311303274,-0.000526924037242394,-0.000526924037242394,925.3099259198367
2026-06-19 02:10:00,2026-06-19 02:15:00,2026-06-19 03:15:00,SHORT,63007.605958,62514.05002954552,0.04404824702677935,2775.92977775951,22.846076153967203,2.2207438222076084,1.1103719111038042,0.03759071574049337,19.477369704915297,0.021049563134809275,13,65,take_profit,ORNSTEIN_UHLENBECK,NO_TRADE,0.3866584311303274,-0.000526924037242394,-0.000526924037242394,944.787295624752
2026-06-19 03:20:00,2026-06-19 03:25:00,2026-06-19 05:20:00,SHORT,62833.420802,62621.92188,0.04510012312439117,2834.361886874256,10.670238129999456,2.2674895094994048,1.1337447547497024,0.0708590471718564,7.198144818578493,0.007618799333895184,24,120,max_hold,ORNSTEIN_UHLENBECK,NO_TRADE,0.3866584311303274,-0.000526924037242394,-0.000526924037242394,951.9854404433305
2026-06-19 05:25:00,2026-06-19 05:30:00,2026-06-19 07:25:00,SHORT,62603.476800000004,62753.738238,0.04561064777900204,2855.9563213299916,-5.7099969954532215,2.2847650570639932,1.1423825285319966,0.07139890803324979,-9.208543489082462,-0.009672987734764233,24,120,max_hold,ORNSTEIN_UHLENBECK,NO_TRADE,0.3866584311303274,-0.000526924037242394,-0.000526924037242394,942.7768969542481
2026-06-19 07:30:00,2026-06-19 07:35:00,2026-06-19 09:30:00,SHORT,62657.875918000005,62458.499202,0.04513024074459931,2828.330690862744,10.12722602308813,2.2626645526901954,1.1313322763450977,0.0707082672715686,6.66252092678127,0.007066911533688755,24,120,max_hold,ORNSTEIN_UHLENBECK,NO_TRADE,0.3866584311303274,-0.000526924037242394,-0.000526924037242394,949.4394178810294
2026-06-19 09:35:00,2026-06-19 09:40:00,2026-06-19 11:35:00,SHORT,62465.014498000004,62662.199934,0.04558949698288373,2848.318253643088,-7.848687800573188,2.2786546029144708,1.1393273014572354,0.07120795634107721,-11.337877661285972,-0.01194165467301746,24,120,max_hold,ORNSTEIN_UHLENBECK,NO_TRADE,0.3866584311303274,-0.000526924037242394,-0.000526924037242394,938.1015402197434
2026-06-19 12:15:00,2026-06-19 12:20:00,2026-06-19 13:05:00,SHORT,62523.482802,62905.07521092719,0.045002959426391584,2814.30462065923,-16.043857076690564,2.251443696527384,1.125721848263692,0.029315673131866976,-19.450338294613505,-0.020733723867522282,10,50,stop_loss,ORNSTEIN_UHLENBECK,NO_TRADE,0.3866584311303274,-0.000526924037242394,-0.000526924037242394,918.6512019251298
2026-06-19 13:10:00,2026-06-19 13:15:00,2026-06-19 13:45:00,SHORT,62775.4424,63207.242238495084,0.04389299875414712,2755.9536057753894,-17.847038923010945,2.204762884620312,1.102381442310156,0.020095495042112214,-21.174278744983525,-0.023049312623344535,7,35,stop_loss,ORNSTEIN_UHLENBECK,NO_TRADE,0.43406985032074125,-0.0006153701161473847,-0.0006153701161473847,897.4769231801463
2026-06-21 14:50:00,2026-06-21 14:55:00,2026-06-21 16:50:00,SHORT,64077.83187,64156.838802,0.04200972793286444,2692.4307695404386,-2.241639082497957,2.153944615632351,1.0769723078161755,0.06731076923851097,-5.539866775184994,-0.0061727122247944455,24,120,max_hold,ORNSTEIN_UHLENBECK,NO_TRADE,0.43406985032074125,-0.0006153701161473847,-0.0006153701161473847,891.9370564049613
2026-06-23 03:00:00,2026-06-23 03:05:00,2026-06-23 05:00:00,SHORT,64017.194,63713.730198,0.041789960475009894,2675.8111692148836,13.749314895882998,2.140648935371907,1.0703244676859536,0.0668952792303721,10.471446213594765,0.011740117913478048,24,120,max_hold,ORNSTEIN_UHLENBECK,NO_TRADE,0.3866584311303274,-0.000526924037242394,-0.000526924037242394,902.408502618556
2026-06-24 16:55:00,2026-06-24 17:00:00,2026-06-24 18:55:00,SHORT,59838.03,59611.909997999996,0.04523350890318577,2707.225507855668,11.308829560885474,2.1657804062845347,1.0828902031422674,0.06768063769639171,7.9924783137622795,0.008856829573934837,24,120,max_hold,MEAN_REVERSION,TRENDING,0.42857142857142855,0.00022454150646600952,0.00022454150646600952,910.4009809323182
2026-06-24 19:00:00,2026-06-24 19:05:00,2026-06-24 20:05:00,SHORT,59677.672078,60426.9617499358,0.04575675637346189,2731.2029427969546,-33.18594660547766,2.184962354237564,1.092481177118782,0.03698503985037543,-36.500375176684386,-0.0400926360374802,13,65,stop_loss,MEAN_REVERSION,TRENDING,0.42857142857142855,0.00022454150646600952,0.00022454150646600952,873.9006057556338
2026-06-25 01:20:00,2026-06-25 01:25:00,2026-06-25 03:20:00,SHORT,60862.944976000006,60832.164,0.04306688540847067,2621.7018172669013,2.373846723714938,2.0973614538135212,1.0486807269067606,0.06554254543167254,-0.8377380024370162,-0.0009586193177113673,24,120,max_hold,VOL_EXPANSION,TRENDING,0.4449968924798011,-0.0006392571087568396,-0.0006392571087568396,873.0628677531968
2026-06-25 04:35:00,2026-06-25 04:40:00,2026-06-25 04:55:00,SHORT,60938.009959999996,61379.21573566668,0.042972600635594146,2619.1886032595903,-17.908502454047365,2.0953508826076725,1.0476754413038363,0.01091328584691496,-21.06244206380579,-0.024124771355823898,4,20,stop_loss,VOL_EXPANSION,TRENDING,0.4449968924798011,-0.0006392571087568396,-0.0006392571087568396,852.000425689391
2026-06-25 05:00:00,2026-06-25 05:05:00,2026-06-25 07:00:00,SHORT,61503.716796,61750.357602000004,0.0415501730617191,2556.0012770681733,-9.22372291797139,2.0448010216545387,1.0224005108272693,0.06390003192670433,-12.354824482379904,-0.014500960457130138,24,120,max_hold,VOL_EXPANSION,TRENDING,0.4449968924798011,-0.0006392571087568396,-0.0006392571087568396,839.6456012070112
2026-06-26 02:25:00,2026-06-26 02:30:00,2026-06-26 03:45:00,LONG,58893.786402,59799.69248331309,0.04277939566976456,2518.9368036210335,39.7696433422552,2.015149442896827,1.0075747214484134,0.04198228006035056,36.704936897849606,0.043714796867970675,16,80,take_profit,MOMENTUM,HIGH_VOLATILITY,0.5169974115616911,-0.00044468427386492085,-0.00044468427386492085,876.3505381048608
2026-06-26 04:00:00,2026-06-26 04:05:00,2026-06-26 06:00:00,LONG,59887.9752,59770.073594,0.04390827066461658,2629.0516143145824,-4.126060194353943,2.103241291451666,1.051620645725833,0.06572629035786456,-7.346648421889307,-0.008383230342708176,24,120,max_hold,VOL_EXPANSION,HIGH_VOLATILITY,0.4755625627060341,-0.0007179208153524143,-0.0007179208153524143,869.0038896829715
2026-06-26 07:15:00,2026-06-26 07:20:00,2026-06-26 09:15:00,LONG,60615.450666,60123.962802,0.043017630698658216,2607.0116690489144,-20.10385953071112,2.085609335239132,1.042804667619566,0.06517529172622287,-23.29744882529604,-0.02680937231914506,24,120,max_hold,MEAN_REVERSION,HIGH_VOLATILITY,0.4639981596503336,-0.0005607429538077292,-0.0005607429538077292,845.7064408576755
2026-06-26 09:35:00,2026-06-26 09:40:00,2026-06-26 10:55:00,LONG,60058.879374000004,59259.235723617865,0.04225231594208036,2537.1193225730267,-32.77850412882089,2.0296954580584217,1.0148477290292108,0.04228532204288378,-35.86533263795141,-0.04240872589497898,16,80,stop_loss,MOMENTUM,HIGH_VOLATILITY,0.5089982481286829,-0.0006490732993168091,-0.0006490732993168091,809.8411082197241
2026-06-27 14:10:00,2026-06-27 14:15:00,2026-06-27 15:35:00,SHORT,60658.46588,60932.83001239026,0.040044491477901525,2429.5233246591724,-10.012960239432328,1.943618659727338,0.971809329863669,0.04302280887417285,-12.971411037897509,-0.016017229683996402,17,85,stop_loss,ORNSTEIN_UHLENBECK,MEAN_REVERTING,0.44855842185128986,-0.0007159063437208694,-0.0007159063437208694,796.8696971818266
2026-06-27 16:10:00,2026-06-27 16:15:00,2026-06-27 18:10:00,SHORT,60737.790012000005,60534.244428,0.039351628850094,2390.6090915454797,8.964301052051557,1.9124872732363838,0.9562436366181919,0.05976522728863699,6.035804914908344,0.007574393826561983,24,120,max_hold,ORNSTEIN_UHLENBECK,MEAN_REVERTING,0.44855842185128986,-0.0007159063437208694,-0.0007159063437208694,802.905502096735
2026-06-29 02:40:00,2026-06-29 02:45:00,2026-06-29 04:40:00,LONG,59789.4555,59833.290948,0.04029470128878265,2408.716506290205,2.730368959327799,1.926973205032164,0.963486602516082,0.060217912657255124,-0.22030876087770218,-0.00027438940236725284,24,120,max_hold,ORNSTEIN_UHLENBECK,HIGH_VOLATILITY,0.4284232365145228,-0.0006520706299319656,-0.0006520706299319656,802.6851933358572
2026-06-29 04:45:00,2026-06-29 04:50:00,2026-06-29 06:45:00,LONG,59844.446496000004,60038.669864,0.04024662825287489,2408.0555800075717,8.781814284777013,1.9264444640060574,0.9632222320030287,0.060201389500189294,5.831946199267738,0.0072655460044440505,24,120,max_hold,ORNSTEIN_UHLENBECK,HIGH_VOLATILITY,0.4284232365145228,-0.0006520706299319656,-0.0006520706299319656,808.5171395351249
2026-06-29 15:00:00,2026-06-29 15:05:00,2026-06-29 17:00:00,LONG,59231.833997999995,60149.987596,0.04095832198900025,2425.5514186053747,38.58396806329772,1.9404411348842998,0.9702205674421499,0.06063878546513437,35.61266757550613,0.044046892556888075,24,120,max_hold,MOMENTUM,HIGH_VOLATILITY,0.5169974115616911,-0.00044468427386492085,-0.00044468427386492085,844.1298071106311
2026-06-29 17:50:00,2026-06-29 17:55:00,2026-06-29 19:50:00,LONG,60516.1008,60458.09596200001,0.04185490911893252,2532.389421331893,-1.415114477311109,2.0259115370655145,1.0129557685327573,0.06330973553329733,-4.517291518442678,-0.0053514180880602944,24,120,max_hold,VOL_EXPANSION,HIGH_VOLATILITY,0.4755625627060341,-0.0007179208153524143,-0.0007179208153524143,839.6125155921884
2026-06-29 20:50:00,2026-06-29 20:55:00,2026-06-29 22:50:00,LONG,60324.062399999995,60414.544674,0.04176345580940054,2518.8375467765654,4.787344939431539,2.0150700374212525,1.0075350187106262,0.06297093866941414,1.701768944630246,0.002026850378034168,24,120,max_hold,VOL_EXPANSION,HIGH_VOLATILITY,0.4755625627060341,-0.0007179208153524143,-0.0007179208153524143,841.3142845368186
2026-06-30 14:45:00,2026-06-30 14:50:00,2026-06-30 16:45:00,LONG,58651.738002,58410.11564,0.04304131008181029,2523.942853610456,-9.392044272951878,2.019154282888365,1.0095771414441825,0.06309857134026141,-12.483874268624687,-0.014838538341825044,24,120,max_hold,ORNSTEIN_UHLENBECK,NO_TRADE,0.48284734133790735,-0.0005706037793934026,-0.0005706037793934026,828.8304102681939
2026-06-30 17:00:00,2026-06-30 17:05:00,2026-06-30 19:00:00,SHORT,58532.301198,58654.938642,0.042472171462197096,2486.4912308045814,-4.213239409050043,1.9891929846436651,0.9945964923218326,0.062162280770114535,-7.259191166785656,-0.008758355239929865,24,120,max_hold,ORNSTEIN_UHLENBECK,NO_TRADE,0.39391979301423025,-0.0004640027989382437,-0.0004640027989382437,821.5712191014082
2026-07-01 03:15:00,2026-07-01 03:20:00,2026-07-01 04:40:00,SHORT,58907.96605,59366.54494740528,0.041831705961145875,2464.713657304225,-18.193613410640275,1.97177092584338,0.98588546292169,0.043645971014762315,-21.194915770420106,-0.02579802612073242,17,85,stop_loss,ORNSTEIN_UHLENBECK,NO_TRADE,0.43406985032074125,-0.0006153701161473847,-0.0006153701161473847,800.3763033309881
2026-07-01 06:15:00,2026-07-01 06:20:00,2026-07-01 08:15:00,SHORT,58856.2264,58712.320116,0.040788355473142704,2401.1289099929645,6.828786473313406,1.9209031279943718,0.9604515639971859,0.06002822274982412,3.8874035585720246,0.004856969830807729,24,120,max_hold,ORNSTEIN_UHLENBECK,NO_TRADE,0.43406985032074125,-0.0006153701161473847,-0.0006153701161473847,804.2637068895601
2026-07-01 08:40:00,2026-07-01 08:45:00,2026-07-01 10:40:00,SHORT,58727.70211,58635.734802,0.041076161262468075,2412.7911206686804,4.741832056139162,1.9302328965349445,0.9651164482674722,0.060319778016717014,1.7861629333200288,0.0022208672578648402,24,120,max_hold,ORNSTEIN_UHLENBECK,NO_TRADE,0.43406985032074125,-0.0006153701161473847,-0.0006153701161473847,806.0498698228802
2026-07-01 10:45:00,2026-07-01 10:50:00,2026-07-01 12:45:00,SHORT,58663.834886000004,58366.951056,0.04121220483190262,2418.1496094686404,13.19985708561011,1.9345196875749124,0.9672598437874562,0.060453740236716014,10.237623814011027,0.012700980667933886,24,120,max_hold,ORNSTEIN_UHLENBECK,NO_TRADE,0.43406985032074125,-0.0006153701161473847,-0.0006153701161473847,816.2874936368912
2026-07-01 12:50:00,2026-07-01 12:55:00,2026-07-01 13:00:00,SHORT,58418.323998,58772.90413831342,0.04191103990758642,2448.8624809106736,-13.878501718405085,1.959089984728539,0.9795449923642695,0.00510179683523057,-16.822238492333124,-0.02060822764462952,2,10,stop_loss,ORNSTEIN_UHLENBECK,NO_TRADE,0.3866584311303274,-0.000526924037242394,-0.000526924037242394,799.4652551445581
2026-07-01 13:05:00,2026-07-01 13:10:00,2026-07-01 13:40:00,SHORT,58620.283598,58988.5953018807,0.04090591070361863,2398.3957654336746,-14.103946574553058,1.9187166123469397,0.9593583061734698,0.01748830245628721,-16.999509795529754,-0.021263600495628702,7,35,stop_loss,ORNSTEIN_UHLENBECK,NO_TRADE,0.43406985032074125,-0.0006153701161473847,-0.0006153701161473847,782.4657453490283
2026-07-02 00:45:00,2026-07-02 00:50:00,2026-07-02 01:40:00,SHORT,59771.013406000005,60314.463838374795,0.03926531646131139,2347.3972360470852,-20.3957151707798,1.8779177888376684,0.9389588944188342,0.026897259996372856,-23.239489114032676,-0.029700327780695906,11,55,stop_loss,VOL_EXPANSION,TRENDING,0.4449968924798011,-0.0006392571087568396,-0.0006392571087568396,759.2262562349956
2026-07-02 03:55:00,2026-07-02 04:00:00,2026-07-02 05:45:00,LONG,61070.201598,60505.69642672222,0.03730353339022439,2277.678768704987,-20.1509961974725,1.8221430149639897,0.9110715074819948,0.05219680511615596,-22.936407525034646,-0.0302102401447183,22,110,stop_loss,MEAN_REVERSION,TRENDING,0.4500970873786408,-0.00044867865494584185,-0.00044867865494584185,736.289848709961
2026-07-03 01:35:00,2026-07-03 01:40:00,2026-07-03 02:30:00,LONG,61732.153962,61336.89966867712,0.03578866406312468,2208.869546129883,-13.26472825043829,1.7670956369039066,0.8835478184519533,0.025309963549404915,-15.940681669343556,-0.021650008753037832,11,55,stop_loss,ORNSTEIN_UHLENBECK,NO_TRADE,0.40409434801958166,-0.0007234345070650343,-0.0007234345070650343,720.3491670406174
2026-07-03 06:00:00,2026-07-03 06:05:00,2026-07-03 08:00:00,LONG,61840.3656,61730.571416,0.03495257005113949,2161.0475011218523,-2.973764659950943,1.728838000897482,0.864419000448741,0.05402618752804631,-5.621047848825212,-0.007803226693407511,24,120,max_hold,ORNSTEIN_UHLENBECK,NO_TRADE,0.40409434801958166,-0.0007234345070650343,-0.0007234345070650343,714.7281191917922
2026-07-03 10:40:00,2026-07-03 10:45:00,2026-07-03 12:40:00,SHORT,61999.587602,61941.485819999994,0.034576931938087724,2144.1843575753765,2.866081888348024,1.7153474860603013,0.8576737430301506,0.053604608939384416,0.23945605031818756,0.0003350309633668285,24,120,max_hold,ORNSTEIN_UHLENBECK,MEAN_REVERTING,0.44855842185128986,-0.0007159063437208694,-0.0007159063437208694,714.9675752421103
2026-07-03 13:00:00,2026-07-03 13:05:00,2026-07-03 15:00:00,SHORT,61997.598,62194.446402,0.03458962628166959,2144.902725726331,-5.94976161670987,1.715922180581065,0.8579610902905325,0.05362256814315828,-8.577267455724625,-0.011996722302854217,24,120,max_hold,ORNSTEIN_UHLENBECK,MEAN_REVERTING,0.44855842185128986,-0.0007159063437208694,-0.0007159063437208694,706.3903077863857
2026-07-04 00:10:00,2026-07-04 00:15:00,2026-07-04 02:10:00,SHORT,62815.154456000004,62534.514402,0.03372987151784526,2119.1709233591573,10.31155902172045,1.695336738687326,0.847668369343663,0.052979273083978935,7.715574640605483,0.010922537520062765,24,120,max_hold,ORNSTEIN_UHLENBECK,MEAN_REVERTING,0.44855842185128986,-0.0007159063437208694,-0.0007159063437208694,714.1058824269912
2026-07-06 16:50:00,2026-07-06 16:55:00,2026-07-06 18:50:00,LONG,63736.7448,63760.335382,0.033618693856019295,2142.3176472809737,1.6503416813919372,1.713854117824779,0.8569270589123895,0.053557941182024345,-0.9739974365272558,-0.0013639398029000767,24,120,max_hold,MEAN_REVERSION,TRENDING,0.42565597667638483,-0.0005421302006394861,-0.0005421302006394861,713.131884990464
2026-07-06 19:15:00,2026-07-06 19:20:00,2026-07-06 21:15:00,LONG,63863.52015,64242.438942,0.033506194601808,2139.395654971392,13.554595964215494,1.7115165239771137,0.8557582619885569,0.053484891374284804,10.933836286875538,0.015332137739180945,24,120,max_hold,MEAN_REVERSION,TRENDING,0.42565597667638483,-0.0005421302006394861,-0.0005421302006394861,724.0657212773395
2026-07-06 21:25:00,2026-07-06 21:30:00,2026-07-06 23:25:00,LONG,64237.334897999994,64083.1808,0.03382194492836017,2172.1971638320188,-4.34578170384487,1.7377577310656152,0.8688788655328076,0.054304929095800474,-7.0067232295390935,-0.009676916091509464,24,120,max_hold,MEAN_REVERSION,TRENDING,0.42565597667638483,-0.0005421302006394861,-0.0005421302006394861,717.0589980478004
2026-07-07 12:30:00,2026-07-07 12:35:00,2026-07-07 13:35:00,SHORT,63583.510754,63032.299252575634,0.03382554271131168,2151.1769941434013,19.5015986623211,1.7209415953147211,0.8604707976573606,0.029130521795691894,16.891055747553327,0.023556019509607132,13,65,take_profit,MOMENTUM,TRENDING,0.4597568037058483,-0.0006756929812810691,-0.0006756929812810691,733.9500537953537
2026-07-07 15:40:00,2026-07-07 15:45:00,2026-07-07 17:40:00,SHORT,63827.232,64244.836398,0.03449013410692452,2201.8501613860612,-13.51978766857336,1.761480129108849,0.8807400645544246,0.055046254034651534,-16.21705411627128,-0.02209558270676694,24,120,max_hold,MOMENTUM,TRENDING,0.4597568037058483,-0.0006756929812810691,-0.0006756929812810691,717.7329996790825
2026-07-09 09:15:00,2026-07-09 09:20:00,2026-07-09 11:15:00,SHORT,62839.449596,62714.550402,0.034258230666846474,2153.1989990372476,5.139077182333383,1.7225591992297982,0.8612795996148991,0.05382997497593119,2.501408408512755,0.003485151734184162,24,120,max_hold,ORNSTEIN_UHLENBECK,MEAN_REVERTING,0.44855842185128986,-0.0007159063437208694,-0.0007159063437208694,720.2344080875952
2026-07-09 15:05:00,2026-07-09 15:10:00,2026-07-09 17:05:00,SHORT,63135.12045,62758.5492,0.03421663043042366,2160.7032242627856,13.746531275422647,1.7285625794102286,0.8642812897051143,0.054017580606569644,11.099669825700735,0.015411190719384222,24,120,max_hold,ORNSTEIN_UHLENBECK,MEAN_REVERTING,0.44855842185128986,-0.0007159063437208694,-0.0007159063437208694,731.3340779132959
2026-07-09 18:05:00,2026-07-09 18:10:00,2026-07-09 20:05:00,SHORT,63361.3252,63244.186308,0.034619910905732444,2194.0022337398877,4.931952507630716,1.7552017869919103,0.8776008934959552,0.0548500558434972,2.2442997712993535,0.0030687750497050254,24,120,max_hold,ORNSTEIN_UHLENBECK,MEAN_REVERTING,0.44855842185128986,-0.0007159063437208694,-0.0007159063437208694,733.5783776845952
2026-07-10 01:45:00,2026-07-10 01:50:00,2026-07-10 03:45:00,SHORT,63738.64972,64022.992038000004,0.0345205773214986,2200.735133053786,-8.933580205030523,1.7605881064430287,0.8802940532215143,0.055018378326344645,-11.62948074302141,-0.0158530855008673,24,120,max_hold,ORNSTEIN_UHLENBECK,MEAN_REVERTING,0.44855842185128986,-0.0007159063437208694,-0.0007159063437208694,721.9488969415738
2026-07-10 03:50:00,2026-07-10 03:55:00,2026-07-10 05:50:00,SHORT,63897.227998,64116.490734,0.033889005663193,2165.8466908247215,-6.562944836733959,1.7326773526597772,0.8663386763298886,0.05414616727061804,-9.216107032994243,-0.012765594728431433,24,120,max_hold,ORNSTEIN_UHLENBECK,MEAN_REVERTING,0.44855842185128986,-0.0007159063437208694,-0.0007159063437208694,712.7327899085795
2026-07-10 05:55:00,2026-07-10 06:00:00,2026-07-10 07:55:00,SHORT,64103.1768,63975.7926,0.033348904637309544,2138.1983697257388,5.102382409508477,1.7105586957805912,0.8552793478902956,0.053454959243143474,2.483089406594447,0.003483899494666082,24,120,max_hold,ORNSTEIN_UHLENBECK,MEAN_REVERTING,0.44855842185128986,-0.0007159063437208694,-0.0007159063437208694,715.215879315174
2026-07-10 08:15:00,2026-07-10 08:20:00,2026-07-10 10:15:00,SHORT,64256.266176000005,64322.851998,0.03338535890868775,2145.647637945522,-1.3644596185978763,1.7165181103564178,0.8582590551782089,0.053641190948638055,-3.992877975081141,-0.005582759122887987,24,120,max_hold,ORNSTEIN_UHLENBECK,MEAN_REVERTING,0.44855842185128986,-0.0007159063437208694,-0.0007159063437208694,711.2230013400929
2026-07-11 20:40:00,2026-07-11 20:45:00,2026-07-11 22:40:00,SHORT,64402.166990000005,64224.412314,0.03312376539365068,2133.6690040202784,6.740023782300098,1.7069352032162228,0.8534676016081114,0.05334172510050696,4.126279252375257,0.00580166733162522,24,120,max_hold,ORNSTEIN_UHLENBECK,MEAN_REVERTING,0.44855842185128986,-0.0007159063437208694,-0.0007159063437208694,715.3492805924682
2026-07-12 04:30:00,2026-07-12 04:35:00,2026-07-12 06:30:00,SHORT,63998.207798,63734.744399999996,0.033526229968522676,2146.0478417774048,9.689415723202702,1.7168382734219239,0.8584191367109619,0.05365119604443512,7.06050711702538,0.00987001358438176,24,120,max_hold,ORNSTEIN_UHLENBECK,LOW_VOLATILITY,0.45892351274787535,-0.00038491967729582756,-0.00038491967729582756,722.4097877094936
2026-07-12 22:20:00,2026-07-12 22:25:00,2026-07-13 00:10:00,SHORT,63821.223202,64104.30065488757,0.03395102457371818,2167.2293631284806,-8.742129388122438,1.7337834905027845,0.8668917452513922,0.049665672905027686,-11.39247029678164,-0.015770094052716455,22,110,stop_loss,ORNSTEIN_UHLENBECK,LOW_VOLATILITY,0.45892351274787535,-0.00038491967729582756,-0.00038491967729582756,711.0173174127119
2026-07-14 00:55:00,2026-07-14 01:00:00,2026-07-14 02:55:00,SHORT,62537.04009,62556.508799999996,0.03410179533247058,2133.0519522381355,0.18926496409519336,1.7064415617905084,0.8532207808952542,0.05332629880595339,-2.4237236773965227,-0.0034088110346117855,24,120,max_hold,ORNSTEIN_UHLENBECK,NO_TRADE,0.43406985032074125,-0.0006153701161473847,-0.0006153701161473847,708.5935937353154
2026-07-14 03:05:00,2026-07-14 03:10:00,2026-07-14 05:05:00,SHORT,62471.5032,62816.648295440944,0.03402120192698845,2125.7807812059464,-10.889760721479433,1.7006246249647572,0.8503123124823786,0.05314451953014866,-13.493842178456717,-0.019043133183472078,24,120,stop_loss,ORNSTEIN_UHLENBECK,NO_TRADE,0.43406985032074125,-0.0006153701161473847,-0.0006153701161473847,695.0997515568587
2026-07-15 06:35:00,2026-07-15 06:40:00,2026-07-15 07:20:00,LONG,65057.008799999996,64678.857141336186,0.032059824959574684,2085.299254670576,-11.291614605987546,1.6682394037364607,0.8341197018682304,0.019549680512536652,-13.813523392104774,-0.019872720945685502,9,45,stop_loss,ORNSTEIN_UHLENBECK,NO_TRADE,0.40409434801958166,-0.0007234345070650343,-0.0007234345070650343,681.2862281647539
2026-07-21 15:10:00,2026-07-21 15:15:00,2026-07-21 17:10:00,LONG,66695.93652,66448.68760399999,0.030650554784820348,2043.8586844942615,-6.762125396627261,1.6350869475954093,0.8175434737977046,0.05109646711235654,-9.26585228513273,-0.013600527798856357,24,120,max_hold,ORNSTEIN_UHLENBECK,NO_TRADE,0.42024720423778694,-0.00013360762953308042,-0.00013360762953308042,672.0203758796212
2026-07-21 17:15:00,2026-07-21 17:20:00,2026-07-21 19:15:00,LONG,66459.279198,66353.18670800001,0.030341351338716804,2016.0611276388636,-2.413047671968032,1.612848902111091,0.8064244510555455,0.050401528190971594,-4.882722553325641,-0.007265735874354324,24,120,max_hold,ORNSTEIN_UHLENBECK,NO_TRADE,0.40409434801958166,-0.0007234345070650343,-0.0007234345070650343,667.1376533262955
2026-07-22 13:55:00,2026-07-22 14:00:00,2026-07-22 15:55:00,SHORT,65938.18972400001,66060.599478,0.030346794259329925,2001.4129599788866,-2.913595716838161,1.6011303679831095,0.8005651839915547,0.05003532399947217,-5.3653265928122975,-0.00804230815943487,24,120,max_hold,ORNSTEIN_UHLENBECK,NO_TRADE,0.3866584311303274,-0.000526924037242394,-0.000526924037242394,661.7723267334833
2026-07-23 14:15:00,2026-07-23 14:20:00,2026-07-23 16:15:00,LONG,65100.757547999994,64754.836442,0.030502164926919418,1985.31698020045,-9.759167668367791,1.58825358416036,0.79412679208018,0.04963292450501125,-12.191180969113342,-0.01842201687291635,24,120,max_hold,ORNSTEIN_UHLENBECK,NO_TRADE,0.48284734133790735,-0.0005706037793934026,-0.0005706037793934026,649.5811457643699
2026-07-23 16:30:00,2026-07-23 16:35:00,2026-07-23 18:30:00,LONG,64750.957602,64857.945816,0.03010199784165608,1948.7434372931098,4.00085653313419,1.5589947498344878,0.7794973749172439,0.048718585932327745,1.61364582245013,0.0024841327876771015,24,120,max_hold,ORNSTEIN_UHLENBECK,NO_TRADE,0.48284734133790735,-0.0005706037793934026,-0.0005706037793934026,651.1947915868201
2026-07-23 20:35:00,2026-07-23 20:40:00,2026-07-23 22:35:00,SHORT,65103.836628000005,65229.283248,0.030001206673056106,1953.5843747604604,-2.9815199191684303,1.5628674998083685,0.7814337499041842,0.048839609369011515,-5.374660778249994,-0.008253537724331477,24,120,max_hold,ORNSTEIN_UHLENBECK,NO_TRADE,0.3866584311303274,-0.000526924037242394,-0.000526924037242394,645.8201308085701
2026-07-24 00:30:00,2026-07-24 00:35:00,2026-07-24 01:05:00,SHORT,64821.863034,65122.93013706284,0.029883018007847175,1937.4603924257103,-8.22016547233249,1.5499683139405684,0.7749841569702842,0.014127315361437472,-10.559245258604777,-0.016350133349644195,7,35,stop_loss,ORNSTEIN_UHLENBECK,LOW_VOLATILITY,0.45892351274787535,-0.00038491967729582756,-0.00038491967729582756,635.2608855499653
2026-07-24 07:30:00,2026-07-24 07:35:00,2026-07-24 09:00:00,LONG,65571.301638,65218.653300462,0.029070092640597553,1905.7826566498961,-9.491105000122468,1.524626125319917,0.7623130626599585,0.035733424812185555,-11.81377761291453,-0.01859673384846758,18,90,stop_loss,ORNSTEIN_UHLENBECK,NO_TRADE,0.40409434801958166,-0.0007234345070650343,-0.0007234345070650343,623.4471079370508
2026-07-25 08:50:00,2026-07-25 08:55:00,2026-07-25 09:45:00,SHORT,63797.247998000006,63980.33805721255,0.029311095920705108,1870.3413238111523,-4.617510256131052,1.496273059048922,0.748136529524461,0.021430994335336122,-6.883350839039771,-0.011040793599662958,11,55,stop_loss,ORNSTEIN_UHLENBECK,LOW_VOLATILITY,0.45892351274787535,-0.00038491967729582756,-0.00038491967729582756,616.563757098011
2026-07-27 00:40:00,2026-07-27 00:45:00,2026-07-27 02:40:00,LONG,65173.322058,65226.402109999995,0.02838678697246487,1849.691271294033,2.247098056740042,1.4797530170352264,0.7398765085176132,0.046242281782350826,-0.018773750595148665,-3.0449001224968738e-05,24,120,max_hold,MEAN_REVERSION,TRENDING,0.4500970873786408,-0.00044867865494584185,-0.00044867865494584185,616.5449833474158
2026-07-28 13:40:00,2026-07-28 13:45:00,2026-07-28 14:35:00,SHORT,62978.681744,63332.642457074864,0.02936334918170019,1849.6349500422475,-9.651687697064721,1.4797079600337981,0.7398539800168991,0.02119373380256742,-11.892443370917986,-0.019288849462938108,11,55,stop_loss,MEAN_REVERSION,TRENDING,0.4124223602484472,-0.0002565041544720882,-0.0002565041544720882,604.6525399764979
2026-07-29 01:05:00,2026-07-29 01:10:00,2026-07-29 03:05:00,LONG,63926.7828,63989.189602,0.02838122508260309,1813.9576199294938,2.497263995018179,1.451166095943595,0.7255830479717975,0.045348940498237345,0.2751659106045493,0.00045508104640599816,24,120,max_hold,ORNSTEIN_UHLENBECK,NO_TRADE,0.40409434801958166,-0.0007234345070650343,-0.0007234345070650343,604.9277058871024
2026-07-29 06:20:00,2026-07-29 06:25:00,2026-07-29 08:00:00,SHORT,64182.071018,64600.18300984365,0.02826989114341475,1814.7831176613072,-11.091848878336032,1.4518264941290457,0.7259132470645229,0.0378079816179439,-13.307396601147543,-0.02199832553814472,20,100,stop_loss,ORNSTEIN_UHLENBECK,MEAN_REVERTING,0.44855842185128986,-0.0007159063437208694,-0.0007159063437208694,591.6203092859549
2026-07-29 08:05:00,2026-07-29 08:10:00,2026-07-29 10:05:00,LONG,64446.326688,64655.056402,0.027545649089321705,1774.8609278578647,6.4608319939001895,1.4198887422862918,0.7099443711431459,0.04437152319644662,4.286627357274305,0.007245571678308289,24,120,max_hold,ORNSTEIN_UHLENBECK,NO_TRADE,0.42024720423778694,-0.00013360762953308042,-0.00013360762953308042,595.9069366432292
2026-07-29 10:10:00,2026-07-29 10:15:00,2026-07-29 12:10:00,LONG,64676.922798,64443.118798,0.02764631149314615,1787.7208099296877,-5.7498798643445035,1.43017664794375,0.715088323971875,0.04469302024824219,-7.93983785650837,-0.013323956088233906,24,120,max_hold,ORNSTEIN_UHLENBECK,NO_TRADE,0.42024720423778694,-0.00013360762953308042,-0.00013360762953308042,587.9670987867208
2026-07-29 12:15:00,2026-07-29 12:20:00,2026-07-29 14:15:00,LONG,64340.225472,64273.152798,0.027420700870674043,1763.9012963601626,-1.1338459810022548,1.4111210370881302,0.7055605185440651,0.04409753240900407,-3.2946250690434544,-0.005603417395024252,24,120,max_hold,ORNSTEIN_UHLENBECK,NO_TRADE,0.40409434801958166,-0.0007234345070650343,-0.0007234345070650343,584.6724737176773
2026-07-31 16:40:00,2026-07-31 16:45:00,2026-07-31 17:55:00,SHORT,62834.970492,63274.76970562473,0.027909086356491152,1754.017421153032,-11.570473169474148,1.4032139369224257,0.7016069684612128,0.027406522205516128,-13.702700597063302,-0.02343654133387502,15,75,stop_loss,MEAN_REVERSION,TRENDING,0.42857142857142855,0.00022454150646600952,0.00022454150646600952,570.969773120614
2026-07-31 18:00:00,2026-07-31 18:05:00,2026-07-31 20:00:00,SHORT,63241.349200000004,63000.057492,0.02707985770641923,1712.909319361842,7.217865273069042,1.3703274554894738,0.6851637277447369,0.042822732984046055,5.119551356850785,0.00896641398172458,24,120,max_hold,MEAN_REVERSION,TRENDING,0.45963975983989325,-0.00046225649985731204,-0.00046225649985731204,576.0893244774649
2026-07-31 20:05:00,2026-07-31 20:10:00,2026-07-31 22:05:00,SHORT,62961.4052,63032.604,0.027444151132727707,1728.2679734323947,-1.2624309521054307,1.3826143787459158,0.6913071893729579,0.04320669933580987,-3.379559219560114,-0.005866380569758872,24,120,max_hold,MEAN_REVERSION,TRENDING,0.4124223602484472,-0.0002565041544720882,-0.0002565041544720882,572.7097652579048
2026-07-31 22:10:00,2026-07-31 22:15:00,2026-08-01 00:10:00,SHORT,62989.869506,62954.5884,0.027270824394245406,1718.1292957737144,1.649066751119981,1.3745034366189717,0.6872517183094858,0.042953232394342865,-0.45564163620281933,-0.0007955890816662313,24,120,max_hold,MEAN_REVERSION,TRENDING,0.45963975983989325,-0.00046225649985731204,-0.00046225649985731204,572.254123621702
2026-08-01 00:15:00,2026-08-01 00:20:00,2026-08-01 02:15:00,SHORT,62952.556970000005,63055.85865,0.027265278822731397,1716.7623708651058,-2.129418276055377,1.3734098966920847,0.6867049483460423,0.042919059271627646,-4.232452180365132,-0.007396106040404987,24,120,max_hold,MEAN_REVERSION,TRENDING,0.45963975983989325,-0.00046225649985731204,-0.00046225649985731204,568.0216714413368
2026-08-01 02:20:00,2026-08-01 02:25:00,2026-08-01 04:20:00,SHORT,63047.388,63061.969872,0.02702291491157644,1704.0650143240105,0.28752381465920035,1.3632520114592084,0.6816260057296042,0.04260162535810026,-1.7999558278877126,-0.0031688154138914846,24,120,max_hold,MOMENTUM,TRENDING,0.4597568037058483,-0.0006756929812810691,-0.0006756929812810691,566.2217156134491
2026-08-01 05:00:00,2026-08-01 05:05:00,2026-08-01 07:00:00,SHORT,63103.38679800001,63096.01668,0.026913379772269305,1698.6651468403472,0.8776453143736651,1.358932117472278,0.679466058736139,0.042466628671008685,-1.2032194905057605,-0.00212499707681148,24,120,max_hold,MOMENTUM,TRENDING,0.4597568037058483,-0.0006756929812810691,-0.0006756929812810691,565.0184961229434
2026-08-01 10:15:00,2026-08-01 10:20:00,2026-08-01 12:15:00,SHORT,63053.596758,63118.611198,0.026877395809401423,1695.05548836883,-1.0691828052979313,1.356044390695064,0.678022195347532,0.04237638720922075,-3.1456257785497486,-0.005567297000247734,24,120,max_hold,VOL_EXPANSION,TRENDING,0.4449968924798011,-0.0006392571087568396,-0.0006392571087568396,561.8728703443936
2026-08-01 14:55:00,2026-08-01 15:00:00,2026-08-01 16:00:00,SHORT,63113.904694,63012.29223458992,0.026702221887266432,1685.618611033181,3.386848512389482,1.348494888826545,0.6742474444132724,0.022826085357740993,1.3412800937919238,0.0023871593817473362,13,65,take_profit,VOL_EXPANSION,TRENDING,0.4449968924798011,-0.0006392571087568396,-0.0006392571087568396,563.2141504381856
2026-08-03 02:25:00,2026-08-03 02:30:00,2026-08-03 04:25:00,SHORT,63115.384398,62985.264533999994,0.026765336834070275,1689.6424513145566,4.157727423804577,1.3517139610516453,0.6758569805258227,0.042241061282863916,2.0879154209442445,0.0037071430455357483,24,120,max_hold,ORNSTEIN_UHLENBECK,NO_TRADE,0.39391979301423025,-0.0004640027989382437,-0.0004640027989382437,565.3020658591298
2026-08-05 20:15:00,2026-08-05 20:20:00,2026-08-05 22:15:00,SHORT,64875.0224,64713.99021,0.02613589874210007,1695.9061975773893,4.8861062698355475,1.3567249580619116,0.6783624790309558,0.04239765493943474,2.8086211778032455,0.004968354703488981,24,120,max_hold,ORNSTEIN_UHLENBECK,MEAN_REVERTING,0.44855842185128986,-0.0007159063437208694,-0.0007159063437208694,568.1106870369331
2026-08-06 05:05:00,2026-08-06 05:10:00,2026-08-06 07:05:00,SHORT,64946.368128,64870.42148999999,0.026236897363379183,1704.3320611107993,2.6738022103020938,1.3634656488886394,0.6817328244443197,0.04260830152776998,0.5859954354413647,0.0010314810983361573,24,120,max_hold,ORNSTEIN_UHLENBECK,MEAN_REVERTING,0.44855842185128986,-0.0007159063437208694,-0.0007159063437208694,568.6966824723745
2026-08-06 15:45:00,2026-08-06 15:50:00,2026-08-06 17:45:00,LONG,64852.537914,64583.070802,0.026312482445783086,1706.0900474171235,-6.409194474143942,1.364872037933699,0.6824360189668495,0.04265225118542809,-8.499154782229919,-0.014944969865623898,24,120,max_hold,ORNSTEIN_UHLENBECK,NO_TRADE,0.40409434801958166,-0.0007234345070650343,-0.0007234345070650343,560.1975276901446
2026-08-06 17:50:00,2026-08-06 17:55:00,2026-08-06 19:50:00,SHORT,64633.0708,64474.252272,0.025996853371754385,1680.5925830704339,4.800059006560713,1.3444740664563473,0.6722370332281736,0.04201481457676085,2.7413330922994317,0.004893511586176996,24,120,max_hold,ORNSTEIN_UHLENBECK,NO_TRADE,0.43406985032074125,-0.0006153701161473847,-0.0006153701161473847,562.9388607824441
2026-08-06 19:55:00,2026-08-06 20:00:00,2026-08-06 21:55:00,SHORT,64433.120798,64453.628147999996,0.026205137949538417,1688.8165823473323,0.13810107699410232,1.351053265877866,0.675526632938933,0.04222041455868331,-1.93069923638138,-0.003429678373416695,24,120,max_hold,ORNSTEIN_UHLENBECK,NO_TRADE,0.39391979301423025,-0.0004640027989382437,-0.0004640027989382437,561.0081615460626
2026-08-06 22:00:00,2026-08-06 22:05:00,2026-08-07 00:00:00,SHORT,64388.86965,64366.8708,0.026133210427328264,1683.024484638188,1.2478607979048655,1.3464195877105505,0.6732097938552752,0.0420756121159547,-0.8138441957769149,-0.0014506815614483582,24,120,max_hold,ORNSTEIN_UHLENBECK,LOW_VOLATILITY,0.45892351274787535,-0.00038491967729582756,-0.00038491967729582756,560.1943173502857
2026-08-07 00:35:00,2026-08-07 00:40:00,2026-08-07 01:30:00,SHORT,64271.973034,64488.93086588018,0.02614276108454914,1680.582952050857,-4.998643854674131,1.3444663616406858,0.6722331808203429,0.019256679658916073,-7.034600076794076,-0.012557428483151478,11,55,stop_loss,ORNSTEIN_UHLENBECK,LOW_VOLATILITY,0.45892351274787535,-0.00038491967729582756,-0.00038491967729582756,553.1597172734917
2026-08-07 01:35:00,2026-08-07 01:40:00,2026-08-07 03:35:00,SHORT,64333.240778,64332.874002000004,0.025789890823555223,1659.479151820475,0.67311615049484,1.32758332145638,0.66379166072819,0.04148697879551187,-1.3597458104852418,-0.002458143223420877,24,120,max_hold,ORNSTEIN_UHLENBECK,LOW_VOLATILITY,0.45892351274787535,-0.00038491967729582756,-0.00038491967729582756,551.7999714630064
2026-08-07 03:50:00,2026-08-07 03:55:00,2026-08-07 05:50:00,SHORT,64301.927042,64394.866398,0.025739023860437377,1655.3999143890192,-1.7296624034212071,1.3243199315112153,0.6621599657556076,0.04138499785972548,-3.757527298547756,-0.00680958226327068,24,120,max_hold,ORNSTEIN_UHLENBECK,LOW_VOLATILITY,0.45892351274787535,-0.00038491967729582756,-0.00038491967729582756,548.0424441644586
2026-08-07 13:30:00,2026-08-07 13:35:00,2026-08-07 14:00:00,LONG,65311.529694,64967.770322626704,0.02517865016582128,1644.127332493376,-7.99934588921143,1.3153018659947007,0.6576509329973503,0.010275795828083599,-9.982574484031566,-0.01821496599456074,6,30,stop_loss,ORNSTEIN_UHLENBECK,NO_TRADE,0.42024720423778694,-0.00013360762953308042,-0.00013360762953308042,538.059869680427
2026-08-09 14:40:00,2026-08-09 14:45:00,2026-08-09 16:40:00,LONG,65180.673528,65242.938802,0.024769649615074,1614.179609041281,2.1883985434917745,1.2913436872330248,0.6456718436165124,0.040354490226032026,0.21102852241620526,0.00039220267912108486,24,120,max_hold,MEAN_REVERSION,TRENDING,0.42565597667638483,-0.0005421302006394861,-0.0005421302006394861,538.2708982028432
2026-08-09 16:45:00,2026-08-09 16:50:00,2026-08-09 18:45:00,LONG,65249.677326,65196.958,0.024753159300358245,1614.8126946085297,-0.6591766321684277,1.2918501556868238,0.6459250778434119,0.040370317365213244,-2.6373221830638767,-0.0048996187456339544,24,120,max_hold,MEAN_REVERSION,TRENDING,0.4500970873786408,-0.00044867865494584185,-0.00044867865494584185,535.6335760197793
2026-08-09 18:50:00,2026-08-09 18:55:00,2026-08-09 20:10:00,LONG,65223.042,65090.05838304669,0.024641937249798157,1606.9007280593378,-2.63474060111108,1.2855205824474703,0.6427602912237351,0.026781678800988966,-4.589803153583275,-0.008568923531062936,16,80,stop_loss,MEAN_REVERSION,TRENDING,0.42565597667638483,-0.0005421302006394861,-0.0005421302006394861,531.043772866196
2026-08-11 00:20:00,2026-08-11 00:25:00,2026-08-11 02:20:00,SHORT,63954.726495999996,64072.481933999996,0.024905316301125763,1593.1313185985882,-2.2950248971486142,1.2745050548788706,0.6372525274394353,0.039828282964964705,-4.246610762431884,-0.007996724525196302,24,120,max_hold,ORNSTEIN_UHLENBECK,LOW_VOLATILITY,0.45892351274787535,-0.00038491967729582756,-0.00038491967729582756,526.7971621037642
2026-08-11 15:00:00,2026-08-11 15:05:00,2026-08-11 17:00:00,SHORT,63819.073632,63508.699199999995,0.024758670380037498,1580.3914863112927,8.314951860431664,1.2643131890490342,0.6321565945245171,0.03950978715778232,6.378972289700331,0.012108972387447778,24,120,max_hold,ORNSTEIN_UHLENBECK,LOW_VOLATILITY,0.45892351274787535,-0.00038491967729582756,-0.00038491967729582756,533.1761343934645
2026-08-11 17:05:00,2026-08-11 17:10:00,2026-08-11 19:05:00,LONG,63483.724206,63255.846300000005,0.02520092084814747,1599.5284031803935,-5.1039424993752,1.2796227225443149,0.6398113612721574,0.03998821007950984,-7.063364793271181,-0.013247713724670722,24,120,max_hold,ORNSTEIN_UHLENBECK,NO_TRADE,0.48284734133790735,-0.0005706037793934026,-0.0005706037793934026,526.1127696001934
2026-08-12 20:05:00,2026-08-12 20:10:00,2026-08-12 22:05:00,SHORT,63420.453372,63485.59458,0.024881919904967343,1578.33830880058,-0.9893051354214429,1.262670647040464,0.631335323520232,0.0394584577200145,-2.9227695637021536,-0.00555540510055143,24,120,max_hold,ORNSTEIN_UHLENBECK,NO_TRADE,0.39391979301423025,-0.0004640027989382437,-0.0004640027989382437,523.1900000364913
2026-08-12 22:30:00,2026-08-12 22:35:00,2026-08-13 00:15:00,SHORT,63406.706122,63671.93657930436,0.024749055456217313,1569.5700001094738,-5.9351882588078855,1.2556560000875792,0.6278280000437896,0.03433434375239474,-7.853006602691649,-0.015009856079328582,21,105,stop_loss,ORNSTEIN_UHLENBECK,LOW_VOLATILITY,0.45892351274787535,-0.00038491967729582756,-0.00038491967729582756,515.3369934337996
2026-08-13 18:05:00,2026-08-13 18:10:00,2026-08-13 20:05:00,LONG,63224.6424,63437.310000000005,0.024457555215803943,1546.0109803013988,5.820898141361499,1.236808784241119,0.6184043921205595,0.03865027450753497,3.9270346904922855,0.00762032367272068,24,120,max_hold,ORNSTEIN_UHLENBECK,NO_TRADE,0.48284734133790735,-0.0005706037793934026,-0.0005706037793934026,519.2640281242919
2026-08-13 20:10:00,2026-08-13 20:15:00,2026-08-13 22:10:00,SHORT,63401.577148000004,63625.382532,0.02456532780439093,1557.7920843728757,-4.873761036391058,1.2462336674983006,0.6231168337491503,0.03894480210932189,-6.782056339747831,-0.013060901530664986,24,120,max_hold,ORNSTEIN_UHLENBECK,NO_TRADE,0.3866584311303274,-0.000526924037242394,-0.000526924037242394,512.4819717845442
2026-08-13 22:30:00,2026-08-13 22:35:00,2026-08-14 00:30:00,SHORT,63565.294398000005,63432.673998,0.02418203896840484,1537.4459153536325,3.8212457977874132,1.2299567322829061,0.6149783661414531,0.03843614788384082,1.9378745514792135,0.0037813516536615416,24,120,max_hold,ORNSTEIN_UHLENBECK,NO_TRADE,0.43406985032074125,-0.0006153701161473847,-0.0006153701161473847,514.4198463360234
2026-08-14 03:55:00,2026-08-14 04:00:00,2026-08-14 05:55:00,SHORT,63297.338,63392.505966,0.024376236597821357,1543.25953900807,-1.7021926016257716,1.2346076312064562,0.6173038156032281,0.03858148847520176,-3.592685536910658,-0.006983955931132341,24,120,max_hold,ORNSTEIN_UHLENBECK,LOW_VOLATILITY,0.45892351274787535,-0.00038491967729582756,-0.00038491967729582756,510.82716079911273
2026-08-14 11:25:00,2026-08-14 11:30:00,2026-08-14 13:25:00,SHORT,62882.211042,62795.11651199999,0.02436579377079307,1532.4814823973381,2.734573034896223,1.2259851859178705,0.6129925929589353,0.038312037059933454,0.8572832189594837,0.001678225601039679,24,120,max_hold,ORNSTEIN_UHLENBECK,LOW_VOLATILITY,0.45892351274787535,-0.00038491967729582756,-0.00038491967729582756,511.6844440180722
2026-08-15 21:40:00,2026-08-15 21:45:00,2026-08-15 23:40:00,SHORT,63155.536366,63115.37055,0.024301057511310155,1535.0533320542168,1.589775182389949,1.2280426656433734,0.6140213328216867,0.03837633330135542,-0.2906651493764664,-0.0005680554739831028,24,120,max_hold,ORNSTEIN_UHLENBECK,MEAN_REVERTING,0.44855842185128986,-0.0007159063437208694,-0.0007159063437208694,511.39377886869573
2026-08-16 16:05:00,2026-08-16 16:10:00,2026-08-16 16:15:00,SHORT,63147.358002,63245.17954460641,0.024290398662287428,1534.1813366060871,-1.7620993131647118,1.2273450692848697,0.6136725346424349,0.003196211117929348,-3.606313128209946,-0.007051929994509954,2,10,stop_loss,ORNSTEIN_UHLENBECK,MEAN_REVERTING,0.44855842185128986,-0.0007159063437208694,-0.0007159063437208694,507.7874657404858
2026-08-17 04:00:00,2026-08-17 04:05:00,2026-08-17 06:00:00,LONG,63507.719004,63509.005658,0.023991840576181523,1523.3623972214573,0.6403422249782956,1.218689917777166,0.609344958888583,0.038084059930536436,-1.2257767116179898,-0.0024139562205035712,24,120,max_hold,ORNSTEIN_UHLENBECK,NO_TRADE,0.42024720423778694,-0.00013360762953308042,-0.00013360762953308042,506.5616890288678
2026-08-17 06:05:00,2026-08-17 06:10:00,2026-08-17 08:05:00,SHORT,63575.172422,63470.761613999995,0.023898969868108588,1519.6850670866033,3.1025642682778676,1.2157480536692826,0.6078740268346413,0.03799212667716508,1.2409500610967787,0.002449751112200788,24,120,max_hold,ORNSTEIN_UHLENBECK,MEAN_REVERTING,0.44855842185128986,-0.0007159063437208694,-0.0007159063437208694,507.8026390899646
2026-08-17 14:55:00,2026-08-17 15:00:00,2026-08-17 15:50:00,SHORT,63889.849474,64199.196774324424,0.02383951829947991,1523.407917269894,-6.763974665137943,1.218726333815915,0.6093631669079576,0.017455715718717537,-8.609519881580534,-0.01695446068773824,11,55,stop_loss,ORNSTEIN_UHLENBECK,MEAN_REVERTING,0.44855842185128986,-0.0007159063437208694,-0.0007159063437208694,499.1931192083841
2026-08-17 15:55:00,2026-08-17 16:00:00,2026-08-17 17:55:00,LONG,64212.84,64313.124802,0.023326781271419815,1497.5793576251522,2.938941172386072,1.1980634861001218,0.5990317430500609,0.03743948394062881,1.1044064592952603,0.002212383177569871,24,120,max_hold,ORNSTEIN_UHLENBECK,NO_TRADE,0.42024720423778694,-0.00013360762953308042,-0.00013360762953308042,500.29752566767934
2026-08-17 18:00:00,2026-08-17 18:05:00,2026-08-17 20:00:00,SHORT,64328.651696,64311.419711999995,0.02332696798277439,1500.892577003038,1.002126544539999,1.2007140616024305,0.6003570308012153,0.037522314425075955,-0.8364668622887228,-0.001671938835140957,24,120,max_hold,ORNSTEIN_UHLENBECK,MEAN_REVERTING,0.44855842185128986,-0.0007159063437208694,-0.0007159063437208694,499.4610588053906
2026-08-17 20:25:00,2026-08-17 20:30:00,2026-08-17 22:25:00,SHORT,64403.21678,64308.309089999995,0.023261004258503262,1498.3831764161719,2.806440163788387,1.1987065411329376,0.5993532705664688,0.0374595794104043,0.9709207726785763,0.0019439368806865977,24,120,max_hold,ORNSTEIN_UHLENBECK,MEAN_REVERTING,0.44855842185128986,-0.0007159063437208694,-0.0007159063437208694,500.4319795780692
2026-08-19 16:25:00,2026-08-19 16:30:00,2026-08-19 17:20:00,LONG,68906.438532,67923.9072139344,0.021791812636269343,1501.2959387342075,-20.814782973653223,1.201036750987366,0.600518375493683,0.01720234929799613,-22.633540449432267,-0.04522800574918365,11,55,stop_loss,MEAN_REVERSION,TRENDING,0.4500970873786408,-0.00044867865494584185,-0.00044867865494584185,477.79843912863697
2026-08-20 00:00:00,2026-08-20 00:05:00,2026-08-20 02:00:00,LONG,69563.940006,69773.702468,0.020609557140175365,1433.3953173859109,4.897449063219918,1.1467162539087288,0.5733581269543644,0.035834882934647774,3.1415397994221768,0.00657503152406989,24,120,max_hold,MEAN_REVERSION,TRENDING,0.42565597667638483,-0.0005421302006394861,-0.0005421302006394861,480.93997892805913
2026-08-20 02:05:00,2026-08-20 02:10:00,2026-08-20 03:10:00,LONG,69673.38188999999,68893.23067861439,0.020712479595864988,1442.8199367841773,-15.584855043808801,1.1542559494273419,0.5771279747136709,0.019538186643952404,-17.335777154593767,-0.03604561465909433,13,65,stop_loss,MEAN_REVERSION,TRENDING,0.42565597667638483,-0.0005421302006394861,-0.0005421302006394861,463.6042017734654
2026-08-20 06:20:00,2026-08-20 06:25:00,2026-08-20 08:05:00,SHORT,69670.0632,70272.7352838826,0.01995885146260829,1390.8126053203962,-11.47002355603413,1.112650084256317,0.5563250421281585,0.030424025741383667,-13.16942270815999,-0.028406607743807873,21,105,stop_loss,VOL_EXPANSION,TRENDING,0.4449968924798011,-0.0006392571087568396,-0.0006392571087568396,450.4347790653054
2026-08-21 02:45:00,2026-08-21 02:50:00,2026-08-21 04:45:00,LONG,74486.654352,74973.01239799999,0.018145191374501102,1351.304337195916,9.367455047086077,1.081043469756733,0.5405217348783665,0.03378260842989791,7.71210723402108,0.017121473723730723,24,120,max_hold,MOMENTUM,HIGH_VOLATILITY,0.5089982481286829,-0.0006490732993168091,-0.0006490732993168091,458.14688629932647
2026-08-21 05:20:00,2026-08-21 05:25:00,2026-08-21 07:15:00,LONG,75308.628714,76547.71454873451,0.018254422773391926,1374.4406588979793,23.1732075848411,1.0995525271183835,0.5497762635591917,0.03292930745276409,21.49094948671076,0.046908426378936094,23,115,take_profit,VOL_EXPANSION,HIGH_VOLATILITY,0.4755625627060341,-0.0007179208153524143,-0.0007179208153524143,479.6378357860372
2026-08-21 07:45:00,2026-08-21 07:50:00,2026-08-21 08:45:00,LONG,76475.292,77830.87077949222,0.01881916698088035,1438.9135073581117,26.091647139373347,1.1511308058864893,0.5755654029432447,0.017986418841976395,24.34696451170164,0.05076114246033467,12,60,take_profit,VOL_EXPANSION,HIGH_VOLATILITY,0.4755625627060341,-0.0007179208153524143,-0.0007179208153524143,503.98480029773884
2026-08-21 09:55:00,2026-08-21 10:00:00,2026-08-21 11:30:00,LONG,77926.292142,76535.06767037645,0.019406245956341772,1511.9544008932166,-26.39894230491196,1.2095635207145734,0.6047817603572867,0.029924097517678244,-28.2432116835015,-0.0560398084760022,19,95,stop_loss,VOL_EXPANSION,HIGH_VOLATILITY,0.4755625627060341,-0.0007179208153524143,-0.0007179208153524143,475.74158861423734
2026-08-21 11:35:00,2026-08-21 11:40:00,2026-08-21 13:35:00,LONG,77000.397,76961.97452599999,0.01853899806251493,1427.224765842712,-0.14145255521707037,1.1417798126741696,0.5708899063370848,0.0356806191460678,-1.8898028933743927,-0.003972330648827865,24,120,max_hold,MOMENTUM,HIGH_VOLATILITY,0.5169974115616911,-0.00044468427386492085,-0.00044468427386492085,473.85178572086295
2026-08-21 13:40:00,2026-08-21 13:45:00,2026-08-21 15:40:00,LONG,77323.4616,77488.039292,0.018388205064968553,1421.5553571625887,3.5956296184038923,1.137244285730071,0.5686221428650355,0.03553888392906472,1.854224305879721,0.003913089201634895,24,120,max_hold,ORNSTEIN_UHLENBECK,HIGH_VOLATILITY,0.43185078909612623,-4.2461027369682664e-05,-4.2461027369682664e-05,475.70601002674266
2026-08-21 15:45:00,2026-08-21 15:50:00,2026-08-21 17:45:00,LONG,77382.743454,77398.527198,0.018446017677504038,1427.118030080228,0.8621668662464363,1.1416944240641824,0.5708472120320912,0.0356779507520057,-0.886052720601843,-0.0018626056890726102,24,120,max_hold,VOL_EXPANSION,HIGH_VOLATILITY,0.4755625627060341,-0.0007179208153524143,-0.0007179208153524143,474.8199573061408
2026-08-21 18:40:00,2026-08-21 18:45:00,2026-08-21 20:40:00,LONG,76961.3892,77458.515198,0.01851246162137632,1424.4598719184223,9.774764860702765,1.1395678975347379,0.5697839487673689,0.03561149679796056,8.029801517602698,0.016911255295921506,24,120,max_hold,MEAN_REVERSION,HIGH_VOLATILITY,0.4639981596503336,-0.0005607429538077292,-0.0005607429538077292,482.8497588237435
2026-08-21 20:45:00,2026-08-21 20:50:00,2026-08-21 22:05:00,LONG,77447.4864,78700.29265860203,0.018707372616892634,1448.5492764712305,24.020937394510817,1.1588394211769846,0.5794197105884923,0.024142487941187177,22.25853577480415,0.04609826424896128,16,80,take_profit,MEAN_REVERSION,HIGH_VOLATILITY,0.4639981596503336,-0.0005607429538077292,-0.0005607429538077292,505.1082945985477
2026-08-22 00:05:00,2026-08-22 00:10:00,2026-08-22 02:05:00,LONG,77899.5768,78002.386402,0.019456176927169163,1515.324883795643,2.6069331464716483,1.2122599070365145,0.6061299535182573,0.03788312209489108,0.7506601638219854,0.001486137075651467,24,120,max_hold,MOMENTUM,HIGH_VOLATILITY,0.5169974115616911,-0.00044468427386492085,-0.00044468427386492085,505.85895476236965
2026-08-22 05:05:00,2026-08-22 05:10:00,2026-08-22 05:10:00,LONG,77817.5604,76854.50087194388,0.01950562793099289,1517.576864287109,-18.181686421229884,1.2140614914296872,0.6070307457148436,0.0015808092336324052,-20.00435946760805,-0.03954533033225679,1,5,stop_loss,MOMENTUM,HIGH_VOLATILITY,0.5169974115616911,-0.00044468427386492085,-0.00044468427386492085,485.8545952947616
